CERCID,SITE,SELFGAME,DISTANT,PROXIM,DIEPUN,OMNI.BG,AGE,SEX,CHILDREN,FORMALED,HONSAL,DISSAL,HONBIN,DISBIN,HONDIS,TREATMENT,INGFIRST,gamecheck,gmcheck.imp,HADZA
CERC1,Coastal Tanna,0,15,15,0.5,1,40,0,4,0,NA,NA,0,0,0,0,1,0,0,0
CERC10,Coastal Tanna,0,11,19,1,1,35,0,2,10,NA,NA,0,0,0,0,1,0,0,0
CERC100,Hadza,0,14,16,NA,NA,47,1,5,0,NA,NA,0,0,0,0,0,NA,1,1
CERC101,Hadza,0,15,15,1,1,47,0,5,0,NA,NA,0,0,0,0,1,NA,0,1
CERC102,Hadza,0,13,17,NA,NA,35,1,5,0,NA,NA,0,0,0,0,0,NA,0,1
CERC103,Hadza,0,12,18,1,1,28,0,4,0,NA,NA,0,0,0,0,0,NA,0,1
CERC104,Hadza,0,7,23,NA,NA,21,1,0,9,0.75,1,1,1,2,0,1,NA,0,1
CERC105,Hadza,0,14,16,0.5,1,40,1,4,6,NA,NA,0,0,0,0,0,NA,0,1
CERC106,Hadza,0,17,13,1,1,60,1,8,0,0.2,1,1,1,2,0,0,NA,0,1
CERC107,Hadza,0,12,18,1,1,23,1,0,7,NA,NA,0,0,0,0,0,NA,0,1
CERC108,Hadza,0,13,17,NA,0,45,1,6,0,NA,NA,0,0,0,0,1,NA,0,1
CERC109,Hadza,0,11,19,0,1,38,0,5,0,NA,NA,0,0,0,0,0,NA,0,1
CERC11,Coastal Tanna,0,14,16,1,1,18,0,0,8,NA,NA,0,0,0,0,0,0,0,0
CERC110,Hadza,0,11,19,1,1,30,1,0,7,0.25,0.8,1,1,2,0,1,NA,1,1
CERC111,Hadza,0,11,19,0,1,19,0,1,5,NA,NA,0,0,0,0,0,NA,0,1
CERC112,Hadza,0,13,17,0,0,42,0,7,0,NA,NA,0,0,0,0,1,NA,0,1
CERC113,Inland Tanna,0,13,17,0.5,1,39,0,8,0,NA,NA,0,0,0,0,0,0,0,0
CERC114,Inland Tanna,0,15,15,1,1,34,0,6,0,NA,NA,0,0,0,0,1,0,0,0
CERC115,Inland Tanna,0,6,24,NA,NA,37,0,9,0,NA,NA,0,0,0,0,0,0,0,0
CERC116,Inland Tanna,0,19,11,1,1,52,0,8,0,NA,NA,0,0,0,0,1,0,0,0
CERC117,Inland Tanna,0,13,17,1,1,63,0,11,0,NA,NA,0,0,0,0,0,0,0,0
CERC118,Inland Tanna,0,11,19,1,1,35,0,6,0,NA,NA,0,0,0,0,0,0,0,0
CERC119,Inland Tanna,0,12,18,NA,NA,67,0,9,0,NA,NA,0,0,0,0,1,0,0,0
CERC12,Coastal Tanna,0,10,20,1,1,19,0,2,7,NA,NA,0,0,0,0,1,0,0,0
CERC120,Inland Tanna,0,16,14,0.5,1,32,0,3,0,NA,NA,0,0,0,0,0,0,0,0
CERC121,Inland Tanna,0,18,12,0.5,1,19,0,0,0,NA,NA,0,0,0,0,1,0,0,0
CERC122,Inland Tanna,0,0,30,0,1,21,0,0,0,NA,NA,0,0,0,0,0,0,0,0
CERC123,Inland Tanna,0,13,17,1,1,26,0,2,0,NA,NA,0,0,0,0,0,0,0,0
CERC124,Inland Tanna,0,17,13,0.5,1,30,0,5,4,NA,NA,0,0,0,0,1,0,0,0
CERC125,Inland Tanna,0,13,17,0.5,1,23,0,0,0,NA,NA,0,0,0,0,1,0,0,0
CERC126,Inland Tanna,0,10,20,NA,NA,28,0,4,0,NA,NA,0,0,0,0,1,0,0,0
CERC127,Inland Tanna,0,16,14,1,1,40,0,5,0,NA,NA,0,0,0,0,1,0,0,0
CERC128,Inland Tanna,0,10,20,0.5,1,55,0,9,0,NA,NA,0,0,0,0,0,0,0,0
CERC129,Inland Tanna,0,18,12,1,1,70,0,7,0,NA,NA,0,0,0,0,0,0,0,0
CERC13,Coastal Tanna,0,15,15,1,1,21,0,1,10,NA,NA,0,0,0,0,1,0,0,0
CERC130,Inland Tanna,0,15,15,0.5,1,18,0,1,0,NA,NA,0,0,0,0,0,0,0,0
CERC131,Inland Tanna,0,15,15,0,NA,45,0,8,0,NA,NA,0,0,0,0,0,0,0,0
CERC132,Inland Tanna,0,14,16,NA,NA,20,0,0,0,NA,NA,0,0,0,0,1,0,0,0
CERC133,Inland Tanna,0,17,13,0,0,50,0,5,0,NA,NA,0,0,0,0,0,0,0,0
CERC134,Inland Tanna,0,18,12,0.5,1,75,0,10,0,NA,NA,0,0,0,0,1,0,0,0
CERC135,Inland Tanna,0,14,16,NA,1,40,0,5,0,NA,NA,0,0,0,0,0,0,0,0
CERC136,Inland Tanna,0,19,11,NA,NA,40,0,5,0,NA,NA,0,0,0,0,1,0,0,0
CERC137,Inland Tanna,0,14,16,0,1,21,0,0,0,NA,NA,0,0,0,0,1,0,0,0
CERC138,Inland Tanna,0,13,17,0.5,0,18,0,0,0,NA,NA,0,0,0,0,0,0,0,0
CERC139,Inland Tanna,0,14,16,0.5,1,24,0,1,0,NA,NA,0,0,0,0,1,0,0,0
CERC14,Coastal Tanna,0,17,13,0,1,26,0,2,6,NA,NA,0,0,0,0,1,0,0,0
CERC140,Inland Tanna,0,17,13,0.5,1,21,0,0,4,NA,NA,0,0,0,0,0,0,0,0
CERC141,Inland Tanna,0,13,17,0.5,1,28,0,0,0,NA,NA,0,0,0,0,0,0,0,0
CERC142,Inland Tanna,0,17,13,NA,NA,21,0,1,9,NA,NA,0,0,0,0,1,0,0,0
CERC143,Inland Tanna,0,19,11,NA,NA,20,0,0,0,NA,NA,0,0,0,0,1,0,0,0
CERC144,Inland Tanna,0,19,11,1,1,19,0,0,0,NA,NA,0,0,0,0,0,0,0,0
CERC145,Inland Tanna,0,14,16,0,1,20,0,0,0,NA,NA,0,0,0,0,0,0,0,0
CERC146,Inland Tanna,0,14,16,0.5,0,26,0,0,6,NA,NA,0,0,0,0,1,0,0,0
CERC147,Inland Tanna,0,14,16,1,1,51,0,7,0,NA,NA,0,0,0,0,0,0,0,0
CERC148,Inland Tanna,0,16,14,1,1,26,0,0,0,NA,NA,0,0,0,0,0,0,0,0
CERC149,Inland Tanna,0,18,12,NA,NA,21,0,0,0,NA,NA,0,0,0,0,0,0,0,0
CERC15,Coastal Tanna,0,10,20,1,1,21,0,0,2,NA,NA,0,0,0,0,0,0,0,0
CERC150,Inland Tanna,0,17,13,0,NA,23,0,1,0,NA,NA,0,0,0,0,0,0,0,0
CERC151,Inland Tanna,0,17,13,0.5,1,64,1,7,0,NA,NA,0,0,0,0,0,0,0,0
CERC152,Inland Tanna,0,15,15,0.5,1,68,1,11,0,NA,NA,0,0,0,0,0,0,0,0
CERC153,Inland Tanna,0,13,17,1,1,65,1,8,0,NA,0.75,0,1,1,0,0,0,0,0
CERC154,Inland Tanna,0,15,15,0.5,1,50,1,9,0,NA,NA,0,0,0,0,1,0,0,0
CERC155,Inland Tanna,0,14,16,1,1,45,1,6,0,NA,NA,0,0,0,0,1,0,0,0
CERC156,Inland Tanna,0,10,20,1,1,42,1,6,0,NA,NA,0,0,0,0,1,0,0,0
CERC157,Inland Tanna,0,17,13,0,1,38,1,5,0,NA,NA,0,0,0,0,1,0,0,0
CERC158,Inland Tanna,0,16,14,NA,NA,25,1,0,0,NA,NA,0,0,0,0,0,0,0,0
CERC159,Inland Tanna,0,15,15,1,1,27,1,0,0,NA,NA,0,0,0,0,0,0,0,0
CERC16,Coastal Tanna,0,11,19,NA,NA,31,0,4,10,0.5,0.5,1,1,2,0,1,0,0,0
CERC160,Inland Tanna,0,16,14,1,1,40,1,5,0,NA,NA,0,0,0,0,0,0,0,0
CERC161,Inland Tanna,0,13,17,NA,NA,38,1,4,0,NA,NA,0,0,0,0,1,0,0,0
CERC162,Inland Tanna,0,18,12,1,1,30,1,3,0,NA,NA,0,0,0,0,0,0,0,0
CERC163,Inland Tanna,0,10,20,0,0,33,1,3,0,NA,NA,0,0,0,0,1,0,0,0
CERC164,Inland Tanna,0,16,14,1,1,69,1,5,0,NA,0.666666667,0,1,1,0,0,0,0,0
CERC165,Inland Tanna,0,16,14,1,1,36,1,5,0,NA,NA,0,0,0,0,1,0,0,0
CERC166,Inland Tanna,0,14,16,0.5,1,60,1,10,0,NA,NA,0,0,0,0,1,0,0,0
CERC167,Inland Tanna,0,14,16,0.5,1,45,1,5,0,NA,NA,0,0,0,0,1,0,0,0
CERC168,Inland Tanna,0,14,16,1,1,27,1,1,0,NA,NA,0,0,0,0,0,0,0,0
CERC169,Inland Tanna,0,15,15,0.5,1,19,1,0,0,NA,NA,0,0,0,0,0,0,0,0
CERC17,Coastal Tanna,0,16,14,1,1,62,0,5,8,NA,NA,0,0,0,0,1,0,0,0
CERC170,Inland Tanna,0,13,17,0.5,1,19,1,0,0,0.25,NA,1,0,1,0,0,0,0,0
CERC171,Inland Tanna,0,16,14,0.5,1,41,1,8,0,NA,NA,0,0,0,0,1,0,0,0
CERC172,Inland Tanna,0,13,17,NA,NA,60,1,5,0,NA,NA,0,0,0,0,0,0,0,0
CERC173,Inland Tanna,0,14,16,1,1,58,1,5,0,NA,NA,0,0,0,0,0,0,0,0
CERC174,Inland Tanna,0,14,16,1,1,25,1,0,0,NA,NA,0,0,0,0,1,0,0,0
CERC175,Inland Tanna,0,14,16,0.5,1,35,1,4,12,NA,NA,0,0,0,0,0,0,0,0
CERC176,Inland Tanna,0,15,15,1,1,55,1,0,0,NA,NA,0,0,0,0,1,0,0,0
CERC177,Inland Tanna,0,5,25,1,1,71,1,10,0,NA,NA,0,0,0,0,0,0,0,0
CERC178,Inland Tanna,0,18,12,1,1,20,1,0,1,NA,NA,0,0,0,0,1,0,0,0
CERC179,Inland Tanna,0,18,12,1,1,20,1,0,0,NA,NA,0,0,0,0,1,0,0,0
CERC18,Coastal Tanna,0,NA,NA,0.5,1,19,0,0,7,NA,NA,0,0,0,0,1,0,0,0
CERC180,Inland Tanna,0,13,17,NA,1,26,1,0,5,NA,NA,0,0,0,0,1,0,0,0
CERC181,Inland Tanna,0,17,13,1,1,33,1,1,0,NA,NA,0,0,0,0,1,0,0,0
CERC182,Inland Tanna,0,14,16,0.5,1,33,1,0,0,NA,NA,0,0,0,0,1,0,0,0
CERC183,Inland Tanna,0,25,5,1,1,21,1,1,1,NA,NA,0,0,0,0,1,0,0,0
CERC184,Inland Tanna,0,15,15,NA,NA,28,1,4,0,NA,NA,0,0,0,0,1,0,0,0
CERC185,Inland Tanna,0,NA,NA,NA,NA,19,1,0,6,NA,NA,0,0,0,0,1,0,0,0
CERC186,Inland Tanna,0,13,17,1,1,52,1,4,0,NA,NA,0,0,0,0,0,0,0,0
CERC187,Inland Tanna,0,11,19,1,1,47,1,8,0,NA,NA,0,0,0,0,0,0,0,0
CERC188,Inland Tanna,0,17,13,0.5,1,30,1,0,0,NA,NA,0,0,0,0,1,0,0,0
CERC189,Lovu,0,17,13,1,1,50,0,2,8,NA,0.4,0,1,1,1,0,0,0,0
CERC19,Coastal Tanna,0,20,10,1,1,20,0,0,6,NA,NA,0,0,0,0,0,0,0,0
CERC190,Lovu,0,12,18,1,1,44,0,2,11,NA,NA,0,0,0,1,1,0,0,0
CERC191,Lovu,0,12,18,1,1,24,1,0,19,NA,NA,0,0,0,0,0,1,1,0
CERC192,Lovu,0,17,13,0.5,1,18,1,NA,13,0.333333333,NA,1,0,1,1,0,0,0,0
CERC193,Lovu,0,13,17,1,1,31,0,2,6,0.333333333,1,1,1,2,1,1,0,0,0
CERC194,Lovu,0,8,22,0.5,1,42,1,2,6,NA,NA,0,0,0,0,0,0,0,0
CERC195,Lovu,0,10,20,1,1,20,1,NA,15,1,NA,1,0,1,0,1,0,0,0
CERC196,Lovu,0,17,13,0.5,0.5,32,1,2,8,0.666666667,0.666666667,1,1,2,0,1,0,0,0
CERC197,Lovu,0,16,14,0.5,1,66,1,3,7,1,0.666666667,1,1,2,1,1,0,0,0
CERC198,Lovu,0,14,16,1,1,23,0,2,10,0.666666667,0.666666667,1,1,2,1,1,0,0,0
CERC199,Lovu,0,19,11,0.5,1,20,1,0,16,0.2,0.4,1,1,2,1,1,0,0,0
CERC2,Coastal Tanna,0,16,14,NA,NA,26,0,2,13,NA,NA,0,0,0,0,1,0,0,0
CERC20,Coastal Tanna,0,15,15,1,1,42,0,4,6,NA,NA,0,0,0,0,1,0,0,0
CERC200,Lovu,0,11,19,1,1,19,1,0,15,0.8,NA,1,0,1,1,1,1,1,0
CERC201,Lovu,0,13,17,0.5,1,20,1,NA,13,0.6,1,1,1,2,0,0,0,0,0
CERC202,Lovu,0,20,10,0.5,1,55,0,4,8,1,1,1,1,2,0,0,0,0,0
CERC203,Lovu,0,16,14,0.5,0.5,34,1,2,10,NA,NA,0,0,0,0,1,0,0,0
CERC204,Lovu,0,17,13,1,1,24,0,2,NA,1,0.5,1,1,2,0,0,0,0,0
CERC205,Lovu,0,20,10,0.5,1,54,0,4,8,0.666666667,0.666666667,1,1,2,1,1,0,0,0
CERC206,Lovu,0,15,15,1,1,48,0,2,9,1,0.666666667,1,1,2,0,0,0,0,0
CERC207,Lovu,0,18,12,1,1,62,0,0,2,1,NA,1,0,1,0,0,0,0,0
CERC208,Lovu,0,11,19,1,1,60,0,1,7,NA,NA,0,0,0,1,1,0,0,0
CERC209,Lovu,0,11,19,1,1,40,1,2,9,NA,0.333333333,0,1,1,0,1,0,0,0
CERC21,Coastal Tanna,0,14,16,1,1,21,0,0,15,NA,0.4,0,1,1,0,1,0,0,0
CERC210,Lovu,0,17,13,1,1,43,0,2,10,NA,NA,0,0,0,0,1,0,0,0
CERC211,Lovu,0,11,19,0.5,1,65,0,3,8,NA,1,0,1,1,1,1,0,0,0
CERC212,Lovu,0,17,13,1,1,67,0,1,8,1,1,1,1,2,1,0,0,0,0
CERC213,Lovu,0,15,15,1,1,55,0,4,2,NA,NA,0,0,0,1,0,0,0,0
CERC214,Lovu,0,19,11,1,1,64,0,7,5,NA,0.5,0,1,1,0,0,0,0,0
CERC215,Lovu,0,13,17,1,1,50,0,2,10,1,NA,1,0,1,1,1,0,0,0
CERC216,Lovu,0,15,15,1,1,34,0,2,12,NA,NA,0,0,0,0,1,0,0,0
CERC217,Lovu,0,19,11,1,1,42,0,2,12,NA,0.5,0,1,1,0,0,0,0,0
CERC218,Lovu,0,19,11,1,1,57,0,5,8,NA,1,0,1,1,1,0,0,0,0
CERC219,Lovu,0,14,16,1,1,60,1,1,0,1,1,1,1,2,0,0,0,0,0
CERC22,Coastal Tanna,0,18,12,1,1,51,0,5,6,NA,NA,0,0,0,0,1,0,0,0
CERC220,Lovu,0,13,17,1,1,68,1,0,7,0.5,NA,1,0,1,0,0,0,0,0
CERC221,Lovu,0,14,16,1,1,65,0,5,0,NA,NA,0,0,0,1,1,0,0,0
CERC222,Lovu,0,16,14,1,1,46,0,2,11,NA,NA,0,0,0,0,1,0,0,0
CERC223,Lovu,0,20,10,1,1,28,1,2,8,1,0.333333333,1,1,2,1,0,0,0,0
CERC224,Lovu,0,14,16,1,1,60,1,5,8,NA,1,0,1,1,1,0,0,0,0
CERC225,Lovu,0,17,13,1,1,67,0,4,0,1,NA,1,0,1,0,0,0,0,0
CERC226,Lovu,0,11,19,0.5,1,63,0,5,6,NA,0.666666667,0,1,1,1,1,0,0,0
CERC227,Lovu,0,20,10,1,1,60,1,2,7,NA,0.75,0,1,1,0,0,0,0,0
CERC228,Lovu,0,15,15,1,1,21,1,NA,6,0.5,0.5,1,1,2,0,1,0,0,0
CERC229,Lovu,0,14,16,1,1,50,0,2,11,NA,NA,0,0,0,0,0,0,0,0
CERC23,Coastal Tanna,0,11,19,0.5,1,30,0,3,7,NA,NA,0,0,0,0,1,0,0,0
CERC230,Lovu,0,17,13,0.5,1,35,0,1,12,NA,0.25,0,1,1,1,0,0,0,0
CERC231,Lovu,0,15,15,1,1,42,0,2,6,NA,NA,0,0,0,1,1,0,0,0
CERC232,Lovu,0,17,13,1,1,48,0,2,11,1,1,1,1,2,0,0,0,0,0
CERC233,Lovu,0,16,14,1,1,31,0,4,10,NA,NA,0,0,0,0,1,0,0,0
CERC234,Lovu,0,19,11,0.5,1,83,0,6,0,0.25,NA,1,0,1,0,0,0,0,0
CERC235,Lovu,0,14,16,1,1,30,0,1,14,1,0.75,1,1,2,1,1,0,0,0
CERC236,Lovu,0,14,16,0,1,20,0,2,11,NA,NA,0,0,0,0,0,0,0,0
CERC237,Lovu,0,11,19,0,1,53,0,3,12,1,0.5,1,1,2,1,1,0,0,0
CERC238,Lovu,0,14,16,1,1,22,0,1,8,0.333333333,1,1,1,2,0,0,0,0,0
CERC239,Lovu,0,18,12,1,1,NA,0,2,NA,NA,0.5,0,1,1,0,0,0,0,0
CERC24,Coastal Tanna,0,16,14,0,1,23,1,0,10,1,NA,1,0,1,0,0,0,0,0
CERC240,Lovu,0,15,15,1,1,30,0,2,11,NA,NA,0,0,0,1,1,0,0,0
CERC241,Lovu,0,15,15,0.5,1,78,1,6,0,1,0.333333333,1,1,2,0,1,1,1,0
CERC242,Lovu,0,18,12,1,1,49,1,2,6,0.5,0.333333333,1,1,2,0,1,0,0,0
CERC243,Lovu,0,11,19,1,1,53,0,3,10,NA,NA,0,0,0,1,0,0,0,0
CERC244,Lovu,0,11,19,0.5,1,19,0,0,12,NA,NA,0,0,0,1,1,1,1,0
CERC245,Lovu,0,20,10,1,1,33,1,0,12,0.4,NA,1,0,1,0,0,0,0,0
CERC246,Lovu,0,10,20,1,1,42,0,2,8,NA,NA,0,0,0,1,0,0,0,0
CERC247,Lovu,0,15,15,1,1,55,0,2,7,NA,NA,0,0,0,1,0,0,0,0
CERC248,Lovu,0,18,12,1,1,20,0,NA,12,0.333333333,0.333333333,1,1,2,0,1,0,0,0
CERC249,Lovu,0,18,12,0.5,1,50,0,2,10,NA,0.666666667,0,1,1,0,1,0,0,0
CERC25,Coastal Tanna,0,16,14,1,1,60,1,4,6,NA,0.8,0,1,1,0,1,0,0,0
CERC250,Lovu,0,14,16,1,1,45,0,3,8,1,0.5,1,1,2,0,0,0,0,0
CERC251,Lovu,0,15,15,0.5,1,60,0,3,6,NA,0.5,0,1,1,1,1,1,1,0
CERC252,Lovu,0,15,15,1,1,36,0,1,12,1,NA,1,0,1,1,1,0,0,0
CERC253,Lovu,0,11,19,1,1,22,1,1,11,NA,NA,0,0,0,0,0,0,0,0
CERC254,Lovu,0,7,23,0.5,0.5,27,0,2,10,0.666666667,1,1,1,2,1,1,0,0,0
CERC255,Lovu,0,13,17,1,1,55,1,1,12,0.2,0.75,1,1,2,0,0,0,0,0
CERC256,Lovu,0,13,17,0.5,1,42,0,3,11,NA,NA,0,0,0,1,0,0,0,0
CERC257,Lovu,0,14,16,1,1,74,0,6,7,NA,0.25,0,1,1,0,1,0,0,0
CERC258,Lovu,0,16,14,1,1,58,0,2,8,0.2,NA,1,0,1,1,1,0,0,0
CERC259,Lovu,0,14,16,1,1,47,0,1,10,1,0.333333333,1,1,2,1,1,0,0,0
CERC26,Coastal Tanna,0,14,16,0.5,1,41,1,3,12,0.6,0.8,1,1,2,0,1,0,0,0
CERC260,Lovu,0,18,12,1,1,48,0,1,10,NA,NA,0,0,0,1,1,0,0,0
CERC261,Lovu,0,14,16,1,1,60,1,1,5,0.666666667,0.5,1,1,2,0,1,1,1,0
CERC262,Lovu,0,14,16,0.5,1,68,0,2,7,1,NA,1,0,1,0,0,0,0,0
CERC263,Lovu,0,17,13,0.5,1,37,0,1,12,0.2,0.75,1,1,2,0,1,0,0,0
CERC264,Lovu,0,15,15,1,1,19,1,0,9,1,NA,1,0,1,1,1,0,0,0
CERC265,Mauritius,0,9,21,1,1,24,1,1,6,NA,0.2,0,1,1,0,1,0,0,0
CERC266,Mauritius,0,19,11,1,1,60,0,6,4,NA,NA,0,0,0,0,0,0,0,0
CERC267,Mauritius,0,9,21,0,1,23,1,0,6,NA,NA,0,0,0,0,0,0,0,0
CERC268,Mauritius,0,15,15,0,1,25,1,0,6,NA,NA,0,0,0,0,1,0,0,0
CERC269,Mauritius,0,17,13,1,1,50,0,3,5,NA,NA,0,0,0,0,1,0,0,0
CERC27,Coastal Tanna,0,14,16,0.5,1,25,1,1,10,NA,NA,0,0,0,0,0,0,0,0
CERC270,Mauritius,0,10,20,0.5,1,18,1,0,10,NA,NA,0,0,0,0,1,0,0,0
CERC271,Mauritius,0,15,15,0.5,0.5,18,1,0,11,NA,NA,0,0,0,0,0,0,0,0
CERC272,Mauritius,0,17,13,0.5,1,24,1,0,6,NA,NA,0,0,0,0,1,0,0,0
CERC273,Mauritius,0,15,15,1,1,59,0,4,6,NA,NA,0,0,0,0,0,0,0,0
CERC274,Mauritius,0,17,13,1,1,28,0,2,6,NA,NA,0,0,0,0,1,0,0,0
CERC275,Mauritius,0,12,18,1,1,42,1,2,6,NA,NA,0,0,0,0,1,0,0,0
CERC276,Mauritius,0,10,20,0.5,1,24,1,0,10,NA,NA,0,0,0,0,1,0,0,0
CERC277,Mauritius,0,15,15,0.5,1,59,1,4,6,NA,1,0,1,1,0,1,0,0,0
CERC278,Mauritius,0,14,16,0.5,0,20,0,0,10,NA,NA,0,0,0,0,0,0,0,0
CERC279,Mauritius,0,15,15,0.5,1,50,1,3,12,NA,NA,0,0,0,0,0,0,0,0
CERC28,Coastal Tanna,0,15,15,1,1,59,1,4,6,NA,NA,0,0,0,0,0,0,0,0
CERC280,Mauritius,0,15,15,0,NA,32,1,1,11,NA,NA,0,0,0,0,1,1,1,0
CERC281,Mauritius,0,11,19,0.5,0.5,22,0,0,10,NA,NA,0,0,0,0,0,0,0,0
CERC282,Mauritius,0,11,19,1,1,35,1,2,11,NA,NA,0,0,0,0,0,0,0,0
CERC283,Mauritius,0,16,14,0,0.5,61,0,3,10,NA,NA,0,0,0,0,1,0,0,0
CERC284,Mauritius,0,17,13,0,1,55,1,6,2,NA,NA,0,0,0,0,0,0,0,0
CERC285,Mauritius,0,15,15,0,0.5,45,1,2,4,NA,NA,0,0,0,0,0,0,0,0
CERC286,Mauritius,0,21,9,0,1,52,1,0,4,NA,NA,0,0,0,0,0,0,0,0
CERC287,Mauritius,0,19,11,1,1,28,1,0,11,NA,NA,0,0,0,0,1,0,0,0
CERC288,Mauritius,0,13,17,1,1,26,0,1,10,NA,NA,0,0,0,0,0,0,0,0
CERC289,Mauritius,0,17,13,0.5,1,55,0,0,11,NA,NA,0,0,0,0,0,0,0,0
CERC29,Coastal Tanna,0,19,11,1,1,43,1,2,7,NA,NA,0,0,0,0,1,0,0,0
CERC290,Mauritius,0,15,15,0.5,1,23,0,0,6,NA,NA,0,0,0,0,1,0,0,0
CERC291,Mauritius,0,20,10,1,0.5,18,1,0,8,NA,NA,0,0,0,0,1,0,0,0
CERC292,Mauritius,0,13,17,1,1,22,1,0,11,NA,NA,0,0,0,0,1,0,0,0
CERC293,Mauritius,0,10,20,0.5,1,18,1,0,11,NA,NA,0,0,0,0,1,0,0,0
CERC294,Mauritius,0,16,14,0,1,38,1,0,11,NA,NA,0,0,0,0,0,0,0,0
CERC295,Mauritius,0,12,18,1,1,35,1,0,6,NA,NA,0,0,0,0,0,0,0,0
CERC296,Mauritius,0,10,20,0,1,74,1,3,6,0.6,NA,1,0,1,0,1,0,0,0
CERC297,Mauritius,0,15,15,1,1,21,1,0,11,0.166666667,NA,1,0,1,0,0,0,0,0
CERC298,Mauritius,0,18,12,0.5,1,54,1,1,6,NA,NA,0,0,0,0,0,0,0,0
CERC299,Mauritius,0,13,17,0,1,52,1,4,6,NA,NA,0,0,0,0,0,0,0,0
CERC3,Coastal Tanna,0,17,13,1,1,75,0,6,0,NA,NA,0,0,0,0,1,0,0,0
CERC30,Coastal Tanna,0,25,5,1,1,30,1,3,6,NA,NA,0,0,0,0,1,0,0,0
CERC301,Mauritius,0,17,13,1,1,61,1,4,0,NA,NA,0,0,0,0,1,0,0,0
CERC302,Mauritius,0,12,18,0.5,1,56,1,3,6,NA,NA,0,0,0,0,0,0,0,0
CERC303,Mauritius,0,15,15,1,1,45,0,3,5,NA,NA,0,0,0,0,1,0,0,0
CERC304,Mauritius,0,19,11,0.5,0.5,61,1,3,6,NA,NA,0,0,0,0,0,0,0,0
CERC305,Mauritius,0,19,11,0.5,1,37,1,1,12,NA,NA,0,0,0,0,1,0,0,0
CERC306,Mauritius,0,16,14,0,1,55,1,3,6,NA,NA,0,0,0,0,0,0,0,0
CERC307,Mauritius,0,13,17,1,1,41,1,2,6,NA,NA,0,0,0,0,1,1,1,0
CERC31,Coastal Tanna,0,15,15,1,1,42,1,3,6,0.6,NA,1,0,1,0,0,0,0,0
CERC310,Mauritius,0,15,15,1,1,26,1,0,6,NA,NA,0,0,0,0,1,1,1,0
CERC311,Mauritius,0,11,19,1,1,33,1,0,9,NA,NA,0,0,0,1,0,0,0,0
CERC312,Mauritius,0,17,13,0.5,1,36,1,2,7,NA,NA,0,0,0,1,1,0,0,0
CERC314,Mauritius,0,15,15,1,1,47,0,3,11,NA,NA,0,0,0,1,0,0,0,0
CERC315,Mauritius,0,15,15,1,1,35,0,2,9,NA,NA,0,0,0,1,0,0,0,0
CERC316,Mauritius,0,20,10,0.5,1,22,1,0,6,NA,NA,0,0,0,1,0,0,0,0
CERC317,Mauritius,0,20,10,1,1,24,1,0,11,NA,NA,0,0,0,1,0,0,0,0
CERC318,Mauritius,0,18,12,0,1,40,0,2,11,NA,0.6,0,1,1,1,1,0,0,0
CERC319,Mauritius,0,22,8,0,1,78,1,3,6,NA,NA,0,0,0,1,1,0,0,0
CERC32,Coastal Tanna,0,14,16,1,1,30,1,2,10,NA,NA,0,0,0,0,0,0,0,0
CERC320,Mauritius,0,15,15,1,1,18,0,0,6,NA,NA,0,0,0,1,0,0,0,0
CERC321,Mauritius,0,16,14,1,1,19,1,0,11,NA,NA,0,0,0,1,1,0,0,0
CERC322,Mauritius,0,15,15,1,1,20,1,0,13,NA,NA,0,0,0,1,1,0,0,0
CERC323,Mauritius,0,14,16,1,1,19,1,0,13,NA,NA,0,0,0,1,0,0,0,0
CERC324,Mauritius,0,14,16,1,1,18,0,0,10,NA,NA,0,0,0,1,0,0,0,0
CERC325,Mauritius,0,14,16,0.5,1,31,0,1,11,NA,NA,0,0,0,1,0,1,1,0
CERC326,Mauritius,0,4,26,0,1,25,0,2,11,NA,NA,0,0,0,1,1,0,0,0
CERC327,Mauritius,0,12,18,1,1,59,1,2,10,NA,NA,0,0,0,1,1,0,0,0
CERC328,Mauritius,0,17,13,1,1,26,1,0,10,NA,NA,0,0,0,1,1,1,1,0
CERC329,Mauritius,0,15,15,NA,1,18,0,0,13,NA,NA,0,0,0,1,1,0,0,0
CERC33,Coastal Tanna,0,12,18,1,1,21,1,0,10,NA,NA,0,0,0,0,1,0,0,0
CERC330,Mauritius,0,16,14,1,1,34,1,1,7,NA,NA,0,0,0,1,1,0,0,0
CERC331,Mauritius,0,15,15,1,1,20,0,0,13,NA,NA,0,0,0,1,1,0,0,0
CERC332,Mauritius,0,15,15,0.5,1,21,0,1,10,NA,NA,0,0,0,1,1,0,0,0
CERC333,Mauritius,0,8,22,0,0,52,1,5,13,NA,NA,0,0,0,1,0,0,0,0
CERC334,Mauritius,0,8,22,1,1,18,1,0,10,1,0.4,1,1,2,1,1,0,0,0
CERC335,Mauritius,0,11,19,0.5,1,34,1,1,6,NA,NA,0,0,0,1,0,0,0,0
CERC336,Mauritius,0,15,15,0.5,1,45,1,2,11,NA,NA,0,0,0,1,0,0,0,0
CERC337,Mauritius,0,14,16,0,0,34,1,0,6,NA,NA,0,0,0,1,0,0,0,0
CERC338,Mauritius,0,6,24,1,0,38,1,1,9,NA,NA,0,0,0,1,1,0,0,0
CERC339,Mauritius,0,9,21,0,1,23,1,0,6,NA,NA,0,0,0,1,1,0,0,0
CERC34,Coastal Tanna,0,13,17,1,1,31,1,3,11,NA,NA,0,0,0,0,0,0,0,0
CERC340,Mauritius,0,14,16,0.5,1,43,0,2,3,NA,NA,0,0,0,1,0,0,0,0
CERC341,Mauritius,0,12,18,0.5,1,24,0,0,9,NA,NA,0,0,0,1,1,0,0,0
CERC342,Mauritius,0,18,12,1,1,56,1,1,11,NA,NA,0,0,0,1,0,0,0,0
CERC343,Mauritius,0,17,13,1,1,19,1,0,11,NA,NA,0,0,0,1,0,1,1,0
CERC344,Mauritius,0,9,21,1,1,17,1,0,6,NA,NA,0,0,0,1,1,0,0,0
CERC345,Mauritius,0,14,16,0.5,1,49,1,2,13,NA,NA,0,0,0,1,0,0,0,0
CERC346,Mauritius,0,16,14,0.5,1,45,1,4,11,NA,NA,0,0,0,1,1,0,0,0
CERC347,Mauritius,0,11,19,0.5,1,33,1,2,5,NA,NA,0,0,0,1,0,0,0,0
CERC348,Mauritius,0,10,20,0.5,1,33,1,2,5,NA,NA,0,0,0,1,0,1,1,0
CERC349,Mauritius,0,11,19,0,1,36,1,0,6,NA,NA,0,0,0,1,0,0,0,0
CERC35,Coastal Tanna,0,11,19,0.5,1,34,1,0,6,NA,NA,0,0,0,0,0,0,0,0
CERC350,Mauritius,0,19,11,1,1,34,1,1,6,NA,NA,0,0,0,1,1,0,0,0
CERC351,Mauritius,0,16,14,1,1,34,0,2,6,NA,NA,0,0,0,1,1,0,0,0
CERC352,Mauritius,0,15,15,0.5,1,55,0,4,8,NA,NA,0,0,0,1,0,0,0,0
CERC353,Mauritius,0,17,13,1,1,32,1,0,13,NA,NA,0,0,0,1,1,0,0,0
CERC354,Mauritius,0,16,14,1,1,36,1,0,6,0.5,NA,1,0,1,1,1,0,0,0
CERC355,Mauritius,0,13,17,0.5,1,66,1,4,7,NA,NA,0,0,0,1,0,0,0,0
CERC356,Mauritius,0,16,14,1,1,42,1,0,9,NA,NA,0,0,0,1,1,0,0,0
CERC357,Mauritius,0,13,17,0.5,1,33,1,2,11,NA,NA,0,0,0,1,0,0,0,0
CERC358,Mauritius,0,16,14,1,1,47,0,2,11,NA,NA,0,0,0,1,1,1,1,0
CERC359,Pesqueiro,0,16,14,0.5,1,18,1,1,10,NA,NA,0,0,0,0,1,0,0,0
CERC36,Coastal Tanna,0,16,14,0.5,1,26,1,2,16,NA,NA,0,0,0,0,0,0,0,0
CERC360,Pesqueiro,0,15,15,1,1,52,1,0,8,NA,NA,0,0,0,1,1,0,0,0
CERC361,Pesqueiro,0,14,16,1,1,34,1,0,4,1,NA,1,0,1,0,1,0,0,0
CERC362,Pesqueiro,0,12,18,NA,NA,36,1,3,12,NA,NA,0,0,0,1,1,0,0,0
CERC363,Pesqueiro,0,16,14,1,1,53,0,1,2,0.5,NA,1,0,1,1,1,0,0,0
CERC364,Pesqueiro,0,19,11,1,1,25,1,1,11,NA,NA,0,0,0,1,1,0,0,0
CERC365,Pesqueiro,0,12,18,1,1,34,1,2,10,NA,NA,0,0,0,0,0,0,0,0
CERC366,Pesqueiro,0,10,20,0.5,1,36,0,1,6,NA,0.4,0,1,1,1,0,0,0,0
CERC367,Pesqueiro,0,10,20,0.5,1,25,0,0,12,NA,NA,0,0,0,0,0,0,0,0
CERC368,Pesqueiro,0,12,18,0.5,1,25,0,0,11,NA,NA,0,0,0,0,1,0,0,0
CERC369,Pesqueiro,0,15,15,1,1,45,0,4,5,NA,NA,0,0,0,1,0,1,1,0
CERC37,Coastal Tanna,0,15,15,1,1,38,1,3,12,NA,NA,0,0,0,0,1,0,0,0
CERC370,Pesqueiro,0,11,19,0.5,1,40,0,2,11,NA,NA,0,0,0,0,1,0,0,0
CERC371,Pesqueiro,0,16,14,0,1,52,0,4,NA,NA,NA,0,0,0,0,0,0,0,0
CERC372,Pesqueiro,0,16,14,1,1,18,1,1,8,NA,NA,0,0,0,1,0,0,0,0
CERC373,Pesqueiro,0,19,11,1,1,19,1,1,11,1,NA,1,0,1,0,1,0,0,0
CERC374,Pesqueiro,0,20,10,1,1,39,1,4,8,NA,NA,0,0,0,1,1,0,0,0
CERC375,Pesqueiro,0,5,25,0.5,1,45,0,3,5,NA,NA,0,0,0,0,0,0,0,0
CERC376,Pesqueiro,0,14,16,1,1,18,1,0,NA,NA,NA,0,0,0,1,0,0,0,0
CERC377,Pesqueiro,0,17,13,1,1,19,1,0,NA,1,NA,1,0,1,0,0,1,1,0
CERC378,Pesqueiro,0,17,13,1,1,20,0,NA,7,0.5,NA,1,0,1,1,1,0,0,0
CERC379,Pesqueiro,0,14,16,0,1,42,0,4,5,0.666666667,NA,1,0,1,0,0,0,0,0
CERC38,Coastal Tanna,0,14,16,1,1,43,1,5,9,NA,NA,0,0,0,0,1,0,0,0
CERC380,Pesqueiro,0,15,15,1,1,17,0,0,NA,NA,NA,0,0,0,1,1,0,0,0
CERC381,Pesqueiro,0,13,17,1,1,28,0,0,NA,NA,1,0,1,1,1,0,0,0,0
CERC382,Pesqueiro,0,18,12,0.5,1,39,1,0,3,NA,NA,0,0,0,1,0,0,0,0
CERC383,Pesqueiro,0,18,12,1,1,47,1,1,11,0.2,NA,1,0,1,1,0,0,0,0
CERC384,Pesqueiro,0,12,18,0.5,1,60,1,8,5,NA,NA,0,0,0,1,1,0,0,0
CERC385,Pesqueiro,0,16,14,1,1,25,0,2,11,0.4,NA,1,0,1,1,1,0,0,0
CERC386,Pesqueiro,0,20,10,0.5,1,21,1,0,10,NA,NA,0,0,0,0,1,0,0,0
CERC387,Pesqueiro,0,16,14,1,1,18,1,0,2,NA,NA,0,0,0,0,1,0,0,0
CERC388,Pesqueiro,0,12,18,0.5,1,44,0,9,5,0.4,NA,1,0,1,1,1,0,0,0
CERC389,Pesqueiro,0,16,14,1,1,22,0,1,10,NA,0.6,0,1,1,1,0,0,0,0
CERC39,Coastal Tanna,0,17,13,0.5,1,37,1,6,4,NA,NA,0,0,0,0,0,0,0,0
CERC390,Pesqueiro,0,12,18,1,1,26,0,0,10,NA,NA,0,0,0,1,0,0,0,0
CERC391,Pesqueiro,0,14,16,0.5,1,40,0,4,10,NA,NA,0,0,0,1,0,0,0,0
CERC392,Pesqueiro,0,17,13,1,1,50,0,3,10,NA,0.25,0,1,1,0,1,0,0,0
CERC393,Pesqueiro,0,18,12,1,1,55,0,4,4,NA,NA,0,0,0,0,0,0,0,0
CERC394,Pesqueiro,0,18,12,1,1,60,0,8,2,NA,NA,0,0,0,1,1,0,0,0
CERC395,Pesqueiro,0,17,13,0.5,1,43,0,2,4,NA,NA,0,0,0,0,0,0,0,0
CERC396,Pesqueiro,0,8,22,1,1,40,1,0,8,NA,NA,0,0,0,0,0,0,0,0
CERC397,Pesqueiro,0,14,16,0,1,26,0,3,11,NA,NA,0,0,0,0,0,0,0,0
CERC398,Pesqueiro,0,11,19,1,1,34,0,5,5,NA,NA,0,0,0,0,0,0,0,0
CERC399,Pesqueiro,0,16,14,1,1,38,0,8,1,NA,NA,0,0,0,0,0,0,0,0
CERC4,Coastal Tanna,0,16,14,0.5,1,28,0,1,7,NA,NA,0,0,0,0,1,0,0,0
CERC40,Coastal Tanna,0,17,13,1,1,38,1,4,6,NA,NA,0,0,0,0,0,0,0,0
CERC400,Pesqueiro,0,12,18,0,1,28,0,2,7,NA,NA,0,0,0,1,1,0,0,0
CERC401,Pesqueiro,0,17,13,1,1,24,0,2,10,NA,NA,0,0,0,1,1,0,0,0
CERC402,Pesqueiro,0,15,15,1,1,24,1,1,9,NA,NA,0,0,0,0,0,0,0,0
CERC403,Pesqueiro,0,18,12,1,1,23,0,1,11,NA,0.2,0,1,1,0,1,0,0,0
CERC404,Pesqueiro,0,17,13,1,1,58,1,14,1,NA,NA,0,0,0,0,1,0,0,0
CERC405,Pesqueiro,0,18,12,1,1,72,0,6,6,NA,NA,0,0,0,0,1,0,0,0
CERC406,Pesqueiro,0,10,20,1,1,21,1,1,11,0.666666667,NA,1,0,1,0,0,1,1,0
CERC407,Pesqueiro,0,16,14,0.5,0,23,1,0,10,0.333333333,NA,1,0,1,1,0,0,0,0
CERC408,Pesqueiro,0,20,10,0,1,32,1,2,12,1,0.2,1,1,2,1,0,0,0,0
CERC409,Pesqueiro,0,16,14,0.5,1,27,1,3,15,0.6,1,1,1,2,0,1,1,1,0
CERC41,Coastal Tanna,0,13,17,1,1,52,1,5,6,NA,NA,0,0,0,0,1,0,0,0
CERC410,Pesqueiro,0,11,19,1,1,29,1,1,3,NA,NA,0,0,0,0,0,0,0,0
CERC411,Pesqueiro,0,15,15,0.5,1,22,1,1,11,NA,NA,0,0,0,0,1,0,0,0
CERC412,Pesqueiro,0,17,13,1,1,48,1,6,NA,NA,NA,0,0,0,1,0,0,0,0
CERC413,Pesqueiro,0,10,20,1,1,28,1,2,9,NA,NA,0,0,0,1,1,0,0,0
CERC414,Pesqueiro,0,13,17,0.5,1,23,1,2,7,NA,NA,0,0,0,0,1,1,1,0
CERC415,Pesqueiro,0,12,18,1,1,37,1,0,NA,0.2,0.2,1,1,2,0,1,0,0,0
CERC416,Pesqueiro,0,16,14,1,1,22,1,1,11,NA,NA,0,0,0,0,1,0,0,0
CERC417,Pesqueiro,0,14,16,0.5,1,21,1,0,8,1,NA,1,0,1,1,0,0,0,0
CERC418,Pesqueiro,0,12,18,NA,NA,21,1,0,10,NA,NA,0,0,0,1,1,0,0,0
CERC419,Pesqueiro,0,16,14,1,1,21,0,1,7,NA,0.6,0,1,1,0,0,0,0,0
CERC42,Coastal Tanna,0,14,16,1,1,28,1,3,6,NA,NA,0,0,0,0,1,0,0,0
CERC420,Pesqueiro,0,14,16,1,1,37,0,0,6,NA,NA,0,0,0,1,0,0,0,0
CERC421,Pesqueiro,0,12,18,0.5,1,20,0,1,10,NA,NA,0,0,0,0,1,0,0,0
CERC422,Pesqueiro,0,11,19,NA,NA,31,0,3,12,NA,NA,0,0,0,1,0,0,0,0
CERC423,Pesqueiro,0,11,19,1,1,44,0,3,4,NA,NA,0,0,0,1,1,0,0,0
CERC424,Pesqueiro,0,16,14,0.5,1,56,0,3,7,NA,NA,0,0,0,1,1,0,0,0
CERC425,Pesqueiro,0,16,14,1,1,35,0,1,11,1,1,1,1,2,1,0,0,0,0
CERC426,Pesqueiro,0,19,11,1,1,43,0,4,8,NA,NA,0,0,0,1,0,0,0,0
CERC427,Pesqueiro,0,18,12,1,1,54,1,2,5,NA,NA,0,0,0,0,1,0,0,0
CERC428,Pesqueiro,0,10,20,1,1,40,1,0,4,NA,0.2,0,1,1,0,1,0,0,0
CERC429,Pesqueiro,0,16,14,1,1,57,1,3,17,NA,NA,0,0,0,0,1,0,0,0
CERC43,Coastal Tanna,0,15,15,0.5,1,61,1,5,10,NA,NA,0,0,0,0,0,0,0,0
CERC430,Pesqueiro,0,10,20,1,1,22,0,1,11,NA,NA,0,0,0,1,0,0,0,0
CERC431,Pesqueiro,0,0,30,0,0,38,0,6,1,NA,NA,0,0,0,0,1,0,0,0
CERC432,Pesqueiro,0,16,14,1,1,32,0,1,12,NA,NA,0,0,0,1,0,0,0,0
CERC433,Pesqueiro,0,16,14,1,1,21,1,1,5,NA,NA,0,0,0,1,1,0,0,0
CERC434,Pesqueiro,0,16,14,NA,NA,21,1,0,11,NA,NA,0,0,0,0,0,0,0,0
CERC435,Pesqueiro,0,14,16,1,1,44,0,1,10,NA,NA,0,0,0,0,1,0,0,0
CERC436,Tyva Republic,0,16,14,0.5,0,20,1,0,13,NA,NA,0,0,0,0,0,0,0,0
CERC437,Tyva Republic,0,13,17,1,1,44,1,4,15,NA,NA,0,0,0,0,1,0,0,0
CERC438,Tyva Republic,0,13,17,1,1,41,0,2,14,0.6,0.8,1,1,2,0,0,0,0,0
CERC439,Tyva Republic,0,16,14,1,1,25,0,2,16.5,NA,NA,0,0,0,0,0,1,1,0
CERC44,Coastal Tanna,0,18,12,0.5,1,20,1,0,14,1,1,1,1,2,0,0,0,0,0
CERC440,Tyva Republic,0,13,17,1,1,27,0,1,16,NA,NA,0,0,0,0,0,0,0,0
CERC441,Tyva Republic,0,10,20,1,1,53,0,5,14,NA,NA,0,0,0,0,1,0,0,0
CERC442,Tyva Republic,0,19,11,0.5,1,46,1,2,16,NA,NA,0,0,0,0,1,0,0,0
CERC443,Tyva Republic,0,11,19,1,0.5,45,0,2,17,0.6,0.2,1,1,2,0,1,0,0,0
CERC444,Tyva Republic,0,10,20,1,1,28,0,2,19,0.8,0.8,1,1,2,0,1,0,0,0
CERC445,Tyva Republic,0,19,11,1,0,27,1,2,16,NA,NA,0,0,0,0,0,0,0,0
CERC446,Tyva Republic,0,14,16,0.5,0.5,30,1,1,18,NA,NA,0,0,0,0,1,0,0,0
CERC447,Tyva Republic,0,9,21,1,1,37,0,4,16,NA,1,0,1,1,0,1,0,0,0
CERC448,Tyva Republic,0,14,16,0.5,1,39,1,5,16,NA,NA,0,0,0,0,1,0,0,0
CERC449,Tyva Republic,0,14,16,0.5,1,35,0,3,16,0.8,0.6,1,1,2,0,0,0,0,0
CERC45,Hadza,0,12,18,NA,NA,35,1,4,0,NA,NA,0,0,0,0,1,NA,0,1
CERC450,Tyva Republic,0,18,12,1,0.5,49,0,2,16,NA,NA,0,0,0,0,1,0,0,0
CERC451,Tyva Republic,0,19,11,1,1,34,0,1,15,NA,NA,0,0,0,0,1,0,0,0
CERC452,Tyva Republic,0,16,14,1,1,22,0,2,15,NA,NA,0,0,0,0,0,0,0,0
CERC453,Tyva Republic,0,14,16,1,1,24,1,2,14,1,NA,1,0,1,0,0,0,0,0
CERC454,Tyva Republic,0,15,15,0,0,33,0,2,20,NA,NA,0,0,0,0,1,0,0,0
CERC455,Tyva Republic,0,13,17,1,1,58,1,5,19,NA,NA,0,0,0,0,0,0,0,0
CERC456,Tyva Republic,0,12,18,0.5,1,28,0,0,16,NA,NA,0,0,0,0,1,0,0,0
CERC457,Tyva Republic,0,12,18,1,1,27,1,1,13,1,NA,1,0,1,0,0,0,0,0
CERC458,Tyva Republic,0,14,16,1,1,51,0,2,15,NA,0.8,0,1,1,0,1,0,0,0
CERC459,Tyva Republic,0,18,12,1,1,22,0,1,15,NA,NA,0,0,0,0,1,0,0,0
CERC46,Hadza,0,4,26,NA,NA,42,0,9,0,NA,NA,0,0,0,0,1,NA,0,1
CERC460,Tyva Republic,0,12,18,0.5,1,48,0,2,20,0.4,1,1,1,2,0,0,0,0,0
CERC461,Tyva Republic,0,15,15,1,1,18,0,0,12,0.8,0.2,1,1,2,0,0,0,0,0
CERC462,Tyva Republic,0,16,14,0.5,0,23,0,0,15,1,0.6,1,1,2,0,1,0,0,0
CERC463,Tyva Republic,0,13,17,0,1,20,0,0,14,NA,NA,0,0,0,0,1,0,0,0
CERC464,Tyva Republic,0,14,16,0,0,28,0,2,17,NA,NA,0,0,0,0,0,0,0,0
CERC465,Tyva Republic,0,16,14,0.5,1,35,0,2,19,1,1,1,1,2,0,1,0,0,0
CERC466,Tyva Republic,0,15,15,0.5,1,67,0,2,14,0.4,0.6,1,1,2,0,0,0,0,0
CERC467,Tyva Republic,0,15,15,0.5,0.5,24,0,2,16,NA,NA,0,0,0,0,1,0,0,0
CERC468,Tyva Republic,0,12,18,0.5,0.5,30,0,2,18,0.8,NA,1,0,1,0,1,0,0,0
CERC469,Tyva Republic,0,8,22,1,1,20,0,0,14,NA,0.6,0,1,1,0,0,0,0,0
CERC47,Hadza,0,8,22,NA,0,38,0,3,0,NA,NA,0,0,0,0,0,NA,0,1
CERC470,Tyva Republic,0,14,16,1,1,20,0,0,13,NA,NA,0,0,0,0,0,0,0,0
CERC471,Tyva Republic,0,17,13,0.5,0,29,0,2,17,NA,0.8,0,1,1,0,1,0,0,0
CERC472,Tyva Republic,0,15,15,0.5,0.5,33,0,5,11,NA,0.2,0,1,1,0,1,0,0,0
CERC473,Tyva Republic,0,15,15,1,1,26,0,1,16,NA,NA,0,0,0,0,1,0,0,0
CERC474,Tyva Republic,0,16,14,1,1,22,0,1,14,NA,0.8,0,1,1,0,0,0,0,0
CERC475,Tyva Republic,0,12,18,1,1,58,1,3,17.5,NA,0.6,0,1,1,0,0,0,0,0
CERC476,Tyva Republic,0,16,14,1,1,23,0,1,16,NA,NA,0,0,0,0,0,0,0,0
CERC478,Tyva Republic,0,13,17,0.5,0.5,20,0,0,14,1,1,1,1,2,1,0,0,0,0
CERC479,Tyva Republic,0,15,15,0.5,1,31,0,2,21,NA,NA,0,0,0,1,1,0,0,0
CERC48,Hadza,0,14,16,NA,0,40,0,5,0,NA,NA,0,0,0,0,1,NA,0,1
CERC480,Tyva Republic,0,18,12,1,1,31,0,2,17,0.6,1,1,1,2,1,0,0,0,0
CERC481,Tyva Republic,0,17,13,0.5,1,27,1,1,15,1,1,1,1,2,1,0,0,0,0
CERC482,Tyva Republic,0,17,13,1,1,38,0,3,11.5,NA,NA,0,0,0,1,0,0,0,0
CERC483,Tyva Republic,0,14,16,1,1,55,0,3,17,NA,0.6,0,1,1,1,0,0,0,0
CERC484,Tyva Republic,0,13,17,1,1,31,1,2,17,1,1,1,1,2,1,1,0,0,0
CERC485,Tyva Republic,0,16,14,1,1,23,1,0,14,NA,NA,0,0,0,1,0,0,0,0
CERC486,Tyva Republic,0,18,12,0.5,1,23,1,0,14,NA,NA,0,0,0,1,0,0,0,0
CERC487,Tyva Republic,0,16,14,1,1,57,0,5,19,NA,0.4,0,1,1,1,1,0,0,0
CERC488,Tyva Republic,0,14,16,1,1,21,0,0,15,NA,NA,0,0,0,1,0,0,0,0
CERC489,Tyva Republic,0,17,13,0.5,0.5,24,1,0,14,NA,0.2,0,1,1,1,1,0,0,0
CERC49,Hadza,0,8,22,1,1,35,0,8,0,NA,0.5,0,1,1,0,0,NA,0,1
CERC490,Tyva Republic,0,21,9,0.5,1,27,0,1,13,NA,0.8,0,1,1,1,1,0,0,0
CERC491,Tyva Republic,0,17,13,0,1,21,1,0,13,NA,NA,0,0,0,1,1,0,0,0
CERC492,Tyva Republic,0,17,13,0.5,1,31,0,3,17,NA,0.8,0,1,1,1,0,0,0,0
CERC493,Tyva Republic,0,15,15,0.5,0,36,1,2,20,NA,NA,0,0,0,1,1,0,0,0
CERC494,Tyva Republic,0,14,16,0,1,59,0,2,16,0.8,1,1,1,2,1,1,0,0,0
CERC495,Tyva Republic,0,12,18,0.5,1,18,0,0,12,NA,1,0,1,1,1,1,0,0,0
CERC496,Tyva Republic,0,14,16,0.5,1,51,0,2,15,NA,1,0,1,1,1,0,0,0,0
CERC497,Tyva Republic,0,17,13,1,1,22,0,0,15,0.8,0.6,1,1,2,1,0,0,0,0
CERC498,Tyva Republic,0,15,15,0.5,1,24,1,0,17,NA,0.4,0,1,1,1,0,0,0,0
CERC499,Tyva Republic,0,15,15,1,1,42,0,2,16,NA,1,0,1,1,1,0,0,0,0
CERC5,Coastal Tanna,0,13,17,1,1,20,0,0,14,0.8,NA,1,0,1,0,0,0,0,0
CERC50,Hadza,0,14,16,1,0.5,24,1,2,0,NA,NA,0,0,0,0,0,NA,0,1
CERC500,Tyva Republic,0,13,17,1,1,18,0,0,11,1,NA,1,0,1,1,1,1,1,0
CERC501,Tyva Republic,0,15,15,1,1,63,0,6,11,NA,NA,0,0,0,1,1,0,0,0
CERC502,Tyva Republic,0,11,19,0.5,1,34,0,2,18,NA,NA,0,0,0,1,0,0,0,0
CERC503,Tyva Republic,0,13,17,1,1,30,0,2,17,NA,NA,0,0,0,1,0,0,0,0
CERC504,Tyva Republic,0,15,15,1,1,54,1,3,14,NA,1,0,1,1,1,0,0,0,0
CERC505,Tyva Republic,0,16,14,1,1,33,1,2,11,NA,0.4,0,1,1,1,1,0,0,0
CERC506,Tyva Republic,0,15,15,0,NA,31,1,3,15,1,NA,1,0,1,1,1,0,0,0
CERC508,Tyva Republic,0,10,20,0.5,1,33,0,1,19,NA,NA,0,0,0,1,0,0,0,0
CERC509,Tyva Republic,0,13,17,1,0.5,51,1,1,18,0.6,0.4,1,1,2,1,0,0,0,0
CERC51,Hadza,0,13,17,1,1,64,1,5,0,NA,NA,0,0,0,0,0,NA,0,1
CERC510,Tyva Republic,0,16,14,1,1,47,0,1,13,NA,0.8,0,1,1,1,1,0,0,0
CERC511,Tyva Republic,0,13,17,0.5,1,27,0,1,14,NA,NA,0,0,0,1,0,0,0,0
CERC512,Tyva Republic,0,15,15,1,1,31,0,2,15,1,1,1,1,2,1,1,0,0,0
CERC513,Tyva Republic,0,16,14,1,1,54,0,3,12,1,1,1,1,2,1,1,0,0,0
CERC514,Tyva Republic,0,13,17,1,1,21,0,1,15,NA,1,0,1,1,1,1,0,0,0
CERC515,Tyva Republic,0,14,16,1,1,24,1,0,16,0.8,NA,1,0,1,1,0,1,1,0
CERC516,Tyva Republic,0,9,21,1,1,37,0,1,17,NA,NA,0,0,0,1,0,0,0,0
CERC517,Yasawa,0,13,17,0.5,1,35,0,1,12,NA,NA,0,0,0,1,0,0,0,0
CERC518,Yasawa,0,5,25,0.5,1,45,1,1,11,NA,NA,0,0,0,0,0,0,0,0
CERC519,Yasawa,0,9,21,0.5,1,24,1,0,8,0.4,NA,1,0,1,1,1,0,0,0
CERC52,Hadza,0,13,17,NA,NA,35,0,8,0,NA,NA,0,0,0,0,1,NA,0,1
CERC520,Yasawa,0,13,17,0.5,1,22,0,NA,11,NA,NA,0,0,0,0,1,1,1,0
CERC521,Yasawa,0,15,15,0.5,1,NA,1,2,NA,NA,NA,0,0,0,0,0,0,0,0
CERC522,Yasawa,0,13,17,0.5,1,42,1,3,8,0.2,NA,1,0,1,1,0,0,0,0
CERC523,Yasawa,0,9,21,0.5,1,58,0,5,8,NA,0.2,0,1,1,0,0,0,0,0
CERC524,Yasawa,0,15,15,0.5,1,58,1,4,9,NA,NA,0,0,0,0,1,0,0,0
CERC525,Yasawa,0,14,16,0.5,1,53,0,4,6,NA,NA,0,0,0,0,0,0,0,0
CERC526,Yasawa,0,15,15,0.5,1,29,1,0,12,NA,NA,0,0,0,1,0,0,0,0
CERC527,Yasawa,0,16,14,0.5,1,74,0,3,8,NA,NA,0,0,0,0,0,0,0,0
CERC528,Yasawa,0,14,16,0.5,1,51,1,4,12,NA,NA,0,0,0,0,1,0,0,0
CERC529,Yasawa,0,14,16,1,1,28,1,2,8,NA,0.6,0,1,1,1,0,1,1,0
CERC53,Hadza,0,14,16,NA,NA,21,0,2,0,NA,NA,0,0,0,0,0,NA,0,1
CERC530,Yasawa,0,13,17,0.5,1,24,1,2,8,NA,NA,0,0,0,1,1,0,0,0
CERC531,Yasawa,0,18,12,1,1,22,1,1,10,NA,1,0,1,1,1,0,0,0,0
CERC532,Yasawa,0,18,12,0.5,1,26,0,0,14,NA,NA,0,0,0,1,1,0,0,0
CERC533,Yasawa,0,15,15,0.5,1,23,1,0,10,NA,0.6,0,1,1,1,1,0,0,0
CERC534,Yasawa,0,13,17,0.5,1,55,1,4,11,NA,NA,0,0,0,0,0,1,1,0
CERC535,Yasawa,0,15,15,1,1,22,1,0,8,NA,1,0,1,1,1,0,1,1,0
CERC536,Yasawa,0,16,14,0.5,1,19,0,0,12,NA,0.8,0,1,1,0,0,0,0,0
CERC537,Yasawa,0,15,15,1,1,40,0,5,8,NA,NA,0,0,0,1,1,0,0,0
CERC538,Yasawa,0,16,14,0.5,1,21,1,0,8,NA,NA,0,0,0,0,1,0,0,0
CERC539,Yasawa,0,11,19,0.5,1,49,1,7,9,NA,NA,0,0,0,0,0,0,0,0
CERC54,Hadza,0,13,17,1,1,45,1,7,6,NA,NA,0,0,0,0,0,NA,0,1
CERC540,Yasawa,0,11,19,1,1,23,0,1,10,NA,NA,0,0,0,1,1,0,0,0
CERC541,Yasawa,0,12,18,0.5,1,22,1,0,7,NA,NA,0,0,0,0,0,0,0,0
CERC542,Yasawa,0,11,19,0.5,1,18,1,0,4,NA,NA,0,0,0,1,0,0,0,0
CERC543,Yasawa,0,13,17,0.5,1,30,1,0,8,NA,NA,0,0,0,1,1,0,0,0
CERC544,Yasawa,0,11,19,NA,NA,47,0,3,NA,NA,NA,0,0,0,1,1,0,0,0
CERC545,Yasawa,0,15,15,0.5,1,50,0,3,12,NA,NA,0,0,0,0,0,0,0,0
CERC546,Yasawa,0,15,15,0.5,1,30,0,0,12,0.4,0.4,1,1,2,0,1,0,0,0
CERC547,Yasawa,0,16,14,0.5,1,20,1,0,12,NA,NA,0,0,0,1,0,0,0,0
CERC548,Yasawa,0,12,18,0.5,1,42,0,7,8,NA,NA,0,0,0,1,0,0,0,0
CERC549,Yasawa,0,14,16,0.5,1,73,0,3,6,NA,NA,0,0,0,1,0,0,0,0
CERC55,Hadza,0,16,14,1,1,26,1,2,0,NA,0.25,0,1,1,0,0,NA,0,1
CERC550,Yasawa,0,15,15,0.5,1,52,0,6,8,NA,NA,0,0,0,0,1,0,0,0
CERC551,Yasawa,0,14,16,0.5,1,20,1,0,6,NA,NA,0,0,0,0,0,1,1,0
CERC552,Yasawa,0,15,15,0.5,1,52,1,4,10,NA,NA,0,0,0,1,1,0,0,0
CERC553,Yasawa,0,16,14,0.5,1,49,0,4,9,NA,NA,0,0,0,0,1,0,0,0
CERC554,Yasawa,0,8,22,0.5,1,31,0,2,11,NA,NA,0,0,0,0,1,0,0,0
CERC555,Yasawa,0,14,16,0.5,1,27,1,0,11,NA,1,0,1,1,0,0,0,0,0
CERC556,Yasawa,0,8,22,0.5,1,40,0,5,10,NA,NA,0,0,0,0,0,0,0,0
CERC557,Yasawa,0,10,20,0.5,1,20,0,0,10,NA,0.6,0,1,1,1,0,0,0,0
CERC558,Yasawa,0,12,18,0.5,1,27,0,2,15,NA,1,0,1,1,1,0,0,0,0
CERC559,Yasawa,0,16,14,0.5,1,46,1,1,11,NA,0.4,0,1,1,1,1,0,0,0
CERC56,Hadza,0,15,15,1,1,34,1,1,0,NA,NA,0,0,0,0,0,NA,1,1
CERC560,Yasawa,0,15,15,0.5,1,68,1,5,8,NA,NA,0,0,0,1,1,0,0,0
CERC561,Yasawa,0,11,19,0.5,1,21,1,0,8,NA,NA,0,0,0,0,1,1,1,0
CERC562,Yasawa,0,18,12,1,1,27,1,NA,11,NA,NA,0,0,0,0,0,0,0,0
CERC563,Yasawa,0,14,16,0.5,1,35,0,5,8,NA,0.8,0,1,1,1,1,0,0,0
CERC564,Yasawa,0,14,16,0.5,1,67,1,1,8,NA,NA,0,0,0,1,1,0,0,0
CERC565,Yasawa,0,17,13,0.5,1,27,0,1,12,NA,NA,0,0,0,1,1,0,0,0
CERC566,Yasawa,0,11,19,0.5,1,52,0,NA,7,NA,NA,0,0,0,0,1,0,0,0
CERC567,Yasawa,0,16,14,0.5,1,36,0,NA,11,NA,0.8,0,1,1,1,1,0,0,0
CERC568,Yasawa,0,8,22,0.5,1,NA,1,NA,NA,NA,NA,0,0,0,1,1,0,0,0
CERC569,Yasawa,0,0,30,0.5,1,51,0,4,10,NA,NA,0,0,0,1,0,0,0,0
CERC57,Hadza,0,13,17,1,1,33,1,5,0,NA,NA,0,0,0,0,1,NA,0,1
CERC570,Yasawa,0,10,20,0.5,1,50,0,NA,5,NA,NA,0,0,0,1,0,0,0,0
CERC571,Yasawa,0,16,14,0.5,1,72,0,2,8,NA,NA,0,0,0,0,1,0,0,0
CERC572,Yasawa,0,15,15,0.5,1,47,0,3,11,NA,NA,0,0,0,0,0,0,0,0
CERC573,Yasawa,0,13,17,0.5,1,24,0,0,13,NA,NA,0,0,0,0,1,0,0,0
CERC574,Yasawa,0,15,15,0.5,1,24,0,0,10,NA,NA,0,0,0,1,1,0,0,0
CERC575,Yasawa,0,15,15,0.5,1,21,0,0,11,NA,NA,0,0,0,0,1,0,0,0
CERC576,Yasawa,0,0,30,0.5,1,19,0,0,11,NA,NA,0,0,0,0,0,0,0,0
CERC577,Yasawa,0,15,15,0.5,1,59,1,4,11,NA,NA,0,0,0,1,1,0,0,0
CERC578,Yasawa,0,15,15,0.5,1,26,1,0,11,0.6,NA,1,0,1,0,1,1,1,0
CERC579,Yasawa,0,15,15,0.5,1,20,0,1,7,NA,NA,0,0,0,0,0,0,0,0
CERC58,Hadza,0,5,25,0.5,1,55,1,4,7,NA,0.4,0,1,1,0,1,NA,1,1
CERC580,Yasawa,0,12,18,0.5,1,39,1,0,11,NA,0.8,0,1,1,1,0,0,0,0
CERC581,Yasawa,0,16,14,0.5,1,43,0,0,11,NA,0.6,0,1,1,0,0,0,0,0
CERC582,Yasawa,0,18,12,0.5,1,47,1,NA,15,NA,NA,0,0,0,0,1,0,0,0
CERC583,Yasawa,0,17,13,0.5,1,39,0,NA,11,NA,NA,0,0,0,1,1,0,0,0
CERC584,Yasawa,0,19,11,0.5,1,75,1,5,3,NA,1,0,1,1,0,0,0,0,0
CERC585,Yasawa,0,13,17,0.5,1,NA,0,NA,NA,NA,NA,0,0,0,1,1,1,1,0
CERC588,Yasawa,0,21,9,0.5,1,20,0,NA,10,NA,1,0,1,1,0,0,0,0,0
CERC589,Yasawa,0,8,22,0.5,1,48,0,2,8,NA,NA,0,0,0,1,0,0,0,0
CERC59,Hadza,0,6,24,0,0,28,1,0,7,NA,0.6,0,1,1,0,1,NA,0,1
CERC591,Yasawa,0,15,15,0.5,1,43,0,NA,14,NA,0.333333333,0,1,1,1,1,1,1,0
CERC6,Coastal Tanna,0,10,20,1,1,29,0,2,7,NA,NA,0,0,0,0,0,0,0,0
CERC60,Hadza,0,12,18,1,1,47,0,5,0,NA,NA,0,0,0,0,1,NA,0,1
CERC61,Hadza,0,10,20,NA,NA,38,0,3,0,NA,0.25,0,1,1,0,0,NA,0,1
CERC62,Hadza,0,12,18,1,0,30,0,7,0,NA,NA,0,0,0,0,1,NA,0,1
CERC63,Hadza,0,15,15,NA,1,26,0,6,0,NA,NA,0,0,0,0,0,NA,0,1
CERC64,Hadza,0,16,14,NA,NA,22,0,2,0,NA,NA,0,0,0,0,0,NA,0,1
CERC65,Hadza,0,16,14,NA,1,49,0,5,0,NA,NA,0,0,0,0,1,NA,0,1
CERC66,Hadza,0,14,16,NA,NA,67,0,5,0,NA,NA,0,0,0,0,0,NA,0,1
CERC67,Hadza,0,8,22,0,0,42,1,8,6,NA,NA,0,0,0,0,1,NA,0,1
CERC68,Hadza,0,0,30,1,1,54,1,6,6,NA,NA,0,0,0,0,1,NA,0,1
CERC69,Hadza,0,5,25,NA,NA,42,1,4,0,NA,NA,0,0,0,0,0,NA,0,1
CERC7,Coastal Tanna,0,15,15,1,1,29,0,2,12,NA,NA,0,0,0,0,1,0,0,0
CERC70,Hadza,0,13,17,0,1,40,1,7,0,0.25,NA,1,0,1,0,1,NA,0,1
CERC71,Hadza,0,0,30,NA,1,53,0,7,0,NA,NA,0,0,0,0,1,NA,0,1
CERC72,Hadza,0,13,17,1,1,40,1,1,0,0.4,NA,1,0,1,0,1,NA,0,1
CERC73,Hadza,0,14,16,NA,NA,29,1,3,0,NA,NA,0,0,0,0,0,NA,0,1
CERC74,Hadza,0,20,10,1,1,21,0,2,0,NA,NA,0,0,0,0,0,NA,0,1
CERC75,Hadza,0,16,14,NA,NA,43,0,2,0,NA,NA,0,0,0,0,0,NA,0,1
CERC76,Hadza,0,18,12,NA,NA,71,0,4,0,NA,NA,0,0,0,0,NA,NA,0,1
CERC77,Hadza,0,5,25,1,0,55,0,1,0,NA,NA,0,0,0,0,1,NA,1,1
CERC78,Hadza,0,8,22,0,1,54,1,5,0,NA,NA,0,0,0,0,0,NA,0,1
CERC79,Hadza,0,16,14,NA,NA,45,0,5,0,NA,0.333333333,0,1,1,0,0,NA,1,1
CERC8,Coastal Tanna,0,16,14,1,1,39,0,3,10,0.75,0.666666667,1,1,2,0,1,0,0,0
CERC80,Hadza,0,8,22,1,1,40,0,1,0,NA,NA,0,0,0,0,0,NA,0,1
CERC81,Hadza,0,4,26,0,1,63,1,10,0,NA,NA,0,0,0,0,0,NA,0,1
CERC82,Hadza,0,15,15,NA,NA,31,0,1,0,NA,NA,0,0,0,0,1,NA,0,1
CERC83,Hadza,0,13,17,1,0,31,1,3,7,1,NA,1,0,1,0,1,NA,0,1
CERC84,Hadza,0,11,19,NA,NA,45,1,4,0,NA,NA,0,0,0,0,1,NA,0,1
CERC85,Hadza,0,12,18,1,NA,47,1,5,0,0.666666667,NA,1,0,1,0,1,NA,1,1
CERC86,Hadza,0,12,18,0,1,25,1,1,0,NA,NA,0,0,0,0,1,NA,0,1
CERC87,Hadza,0,13,17,0.5,0.5,38,1,8,0,NA,NA,0,0,0,0,0,NA,0,1
CERC88,Hadza,0,16,14,NA,NA,50,0,8,0,0.666666667,NA,1,0,1,0,1,NA,0,1
CERC89,Hadza,0,10,20,1,1,35,1,2,0,NA,NA,0,0,0,0,1,NA,0,1
CERC9,Coastal Tanna,0,16,14,1,1,57,0,5,6,NA,NA,0,0,0,0,0,0,0,0
CERC90,Hadza,0,7,23,NA,NA,58,1,9,3,NA,NA,0,0,0,0,0,NA,0,1
CERC91,Hadza,0,15,15,0,NA,24,0,3,0,NA,NA,0,0,0,0,1,NA,0,1
CERC92,Hadza,0,16,14,NA,NA,32,0,5,0,NA,NA,0,0,0,0,1,NA,1,1
CERC93,Hadza,0,0,30,1,NA,46,0,2,1,NA,NA,0,0,0,0,1,NA,0,1
CERC94,Hadza,0,11,19,NA,NA,40,1,7,7,NA,NA,0,0,0,0,0,NA,0,1
CERC95,Hadza,0,13,17,1,1,43,1,4,0,NA,0.8,0,1,1,0,1,NA,0,1
CERC96,Hadza,0,17,13,0.5,1,27,0,2,3,NA,NA,0,0,0,0,1,NA,0,1
CERC97,Hadza,0,12,18,0,0.5,53,1,2,0,NA,NA,0,0,0,0,0,NA,0,1
CERC98,Hadza,0,0,30,NA,NA,37,1,2,0,NA,NA,0,0,0,0,0,NA,0,1
CERC99,Hadza,0,14,16,1,1,45,1,9,7,NA,NA,0,0,0,0,0,NA,0,1
UCRC592,Mauritius,0,12,18,1,1,70,0,5,4,NA,NA,0,0,0,0,0,0,0,0
CERC1,Coastal Tanna,1,12,18,0.5,1,40,0,4,0,NA,NA,0,0,0,0,1,0,0,0
CERC10,Coastal Tanna,1,13,17,1,1,35,0,2,10,NA,NA,0,0,0,0,1,0,0,0
CERC100,Hadza,1,8,22,NA,NA,47,1,5,0,NA,NA,0,0,0,0,0,NA,1,1
CERC101,Hadza,1,12,18,1,1,47,0,5,0,NA,NA,0,0,0,0,1,NA,0,1
CERC102,Hadza,1,10,20,NA,NA,35,1,5,0,NA,NA,0,0,0,0,0,NA,0,1
CERC103,Hadza,1,10,20,1,1,28,0,4,0,NA,NA,0,0,0,0,0,NA,0,1
CERC104,Hadza,1,12,18,NA,NA,21,1,0,9,0.75,1,1,1,2,0,1,NA,0,1
CERC105,Hadza,1,15,15,0.5,1,40,1,4,6,NA,NA,0,0,0,0,0,NA,0,1
CERC106,Hadza,1,19,11,1,1,60,1,8,0,0.2,1,1,1,2,0,0,NA,0,1
CERC107,Hadza,1,13,17,1,1,23,1,0,7,NA,NA,0,0,0,0,0,NA,0,1
CERC108,Hadza,1,6,24,NA,0,45,1,6,0,NA,NA,0,0,0,0,1,NA,0,1
CERC109,Hadza,1,17,13,0,1,38,0,5,0,NA,NA,0,0,0,0,0,NA,0,1
CERC11,Coastal Tanna,1,14,16,1,1,18,0,0,8,NA,NA,0,0,0,0,0,0,0,0
CERC110,Hadza,1,10,20,1,1,30,1,0,7,0.25,0.8,1,1,2,0,1,NA,1,1
CERC111,Hadza,1,18,12,0,1,19,0,1,5,NA,NA,0,0,0,0,0,NA,0,1
CERC112,Hadza,1,11,19,0,0,42,0,7,0,NA,NA,0,0,0,0,1,NA,0,1
CERC113,Inland Tanna,1,12,18,0.5,1,39,0,8,0,NA,NA,0,0,0,0,0,0,0,0
CERC114,Inland Tanna,1,15,15,1,1,34,0,6,0,NA,NA,0,0,0,0,1,0,0,0
CERC115,Inland Tanna,1,6,24,NA,NA,37,0,9,0,NA,NA,0,0,0,0,0,0,0,0
CERC116,Inland Tanna,1,16,14,1,1,52,0,8,0,NA,NA,0,0,0,0,1,0,0,0
CERC117,Inland Tanna,1,12,18,1,1,63,0,11,0,NA,NA,0,0,0,0,0,0,0,0
CERC118,Inland Tanna,1,12,18,1,1,35,0,6,0,NA,NA,0,0,0,0,0,0,0,0
CERC119,Inland Tanna,1,13,17,NA,NA,67,0,9,0,NA,NA,0,0,0,0,1,0,0,0
CERC12,Coastal Tanna,1,17,13,1,1,19,0,2,7,NA,NA,0,0,0,0,1,0,0,0
CERC120,Inland Tanna,1,13,17,0.5,1,32,0,3,0,NA,NA,0,0,0,0,0,0,0,0
CERC121,Inland Tanna,1,14,16,0.5,1,19,0,0,0,NA,NA,0,0,0,0,1,0,0,0
CERC122,Inland Tanna,1,0,30,0,1,21,0,0,0,NA,NA,0,0,0,0,0,0,0,0
CERC123,Inland Tanna,1,15,15,1,1,26,0,2,0,NA,NA,0,0,0,0,0,0,0,0
CERC124,Inland Tanna,1,14,16,0.5,1,30,0,5,4,NA,NA,0,0,0,0,1,0,0,0
CERC125,Inland Tanna,1,18,12,0.5,1,23,0,0,0,NA,NA,0,0,0,0,1,0,0,0
CERC126,Inland Tanna,1,15,15,NA,NA,28,0,4,0,NA,NA,0,0,0,0,1,0,0,0
CERC127,Inland Tanna,1,16,14,1,1,40,0,5,0,NA,NA,0,0,0,0,1,0,0,0
CERC128,Inland Tanna,1,14,16,0.5,1,55,0,9,0,NA,NA,0,0,0,0,0,0,0,0
CERC129,Inland Tanna,1,14,16,1,1,70,0,7,0,NA,NA,0,0,0,0,0,0,0,0
CERC13,Coastal Tanna,1,14,16,1,1,21,0,1,10,NA,NA,0,0,0,0,1,0,0,0
CERC130,Inland Tanna,1,8,22,0.5,1,18,0,1,0,NA,NA,0,0,0,0,0,0,0,0
CERC131,Inland Tanna,1,10,20,0,NA,45,0,8,0,NA,NA,0,0,0,0,0,0,0,0
CERC132,Inland Tanna,1,19,11,NA,NA,20,0,0,0,NA,NA,0,0,0,0,1,0,0,0
CERC133,Inland Tanna,1,19,11,0,0,50,0,5,0,NA,NA,0,0,0,0,0,0,0,0
CERC134,Inland Tanna,1,13,17,0.5,1,75,0,10,0,NA,NA,0,0,0,0,1,0,0,0
CERC135,Inland Tanna,1,14,16,NA,1,40,0,5,0,NA,NA,0,0,0,0,0,0,0,0
CERC136,Inland Tanna,1,16,14,NA,NA,40,0,5,0,NA,NA,0,0,0,0,1,0,0,0
CERC137,Inland Tanna,1,14,16,0,1,21,0,0,0,NA,NA,0,0,0,0,1,0,0,0
CERC138,Inland Tanna,1,11,19,0.5,0,18,0,0,0,NA,NA,0,0,0,0,0,0,0,0
CERC139,Inland Tanna,1,12,18,0.5,1,24,0,1,0,NA,NA,0,0,0,0,1,0,0,0
CERC14,Coastal Tanna,1,15,15,0,1,26,0,2,6,NA,NA,0,0,0,0,1,0,0,0
CERC140,Inland Tanna,1,14,16,0.5,1,21,0,0,4,NA,NA,0,0,0,0,0,0,0,0
CERC141,Inland Tanna,1,15,15,0.5,1,28,0,0,0,NA,NA,0,0,0,0,0,0,0,0
CERC142,Inland Tanna,1,17,13,NA,NA,21,0,1,9,NA,NA,0,0,0,0,1,0,0,0
CERC143,Inland Tanna,1,14,16,NA,NA,20,0,0,0,NA,NA,0,0,0,0,1,0,0,0
CERC144,Inland Tanna,1,11,19,1,1,19,0,0,0,NA,NA,0,0,0,0,0,0,0,0
CERC145,Inland Tanna,1,12,18,0,1,20,0,0,0,NA,NA,0,0,0,0,0,0,0,0
CERC146,Inland Tanna,1,11,19,0.5,0,26,0,0,6,NA,NA,0,0,0,0,1,0,0,0
CERC147,Inland Tanna,1,15,15,1,1,51,0,7,0,NA,NA,0,0,0,0,0,0,0,0
CERC148,Inland Tanna,1,17,13,1,1,26,0,0,0,NA,NA,0,0,0,0,0,0,0,0
CERC149,Inland Tanna,1,14,16,NA,NA,21,0,0,0,NA,NA,0,0,0,0,0,0,0,0
CERC15,Coastal Tanna,1,18,12,1,1,21,0,0,2,NA,NA,0,0,0,0,0,0,0,0
CERC150,Inland Tanna,1,21,9,0,NA,23,0,1,0,NA,NA,0,0,0,0,0,0,0,0
CERC151,Inland Tanna,1,19,11,0.5,1,64,1,7,0,NA,NA,0,0,0,0,0,0,0,0
CERC152,Inland Tanna,1,15,15,0.5,1,68,1,11,0,NA,NA,0,0,0,0,0,0,0,0
CERC153,Inland Tanna,1,14,16,1,1,65,1,8,0,NA,0.75,0,1,1,0,0,0,0,0
CERC154,Inland Tanna,1,14,16,0.5,1,50,1,9,0,NA,NA,0,0,0,0,1,0,0,0
CERC155,Inland Tanna,1,15,15,1,1,45,1,6,0,NA,NA,0,0,0,0,1,0,0,0
CERC156,Inland Tanna,1,14,16,1,1,42,1,6,0,NA,NA,0,0,0,0,1,0,0,0
CERC157,Inland Tanna,1,13,17,0,1,38,1,5,0,NA,NA,0,0,0,0,1,0,0,0
CERC158,Inland Tanna,1,15,15,NA,NA,25,1,0,0,NA,NA,0,0,0,0,0,0,0,0
CERC159,Inland Tanna,1,15,15,1,1,27,1,0,0,NA,NA,0,0,0,0,0,0,0,0
CERC16,Coastal Tanna,1,13,17,NA,NA,31,0,4,10,0.5,0.5,1,1,2,0,1,0,0,0
CERC160,Inland Tanna,1,14,16,1,1,40,1,5,0,NA,NA,0,0,0,0,0,0,0,0
CERC161,Inland Tanna,1,12,18,NA,NA,38,1,4,0,NA,NA,0,0,0,0,1,0,0,0
CERC162,Inland Tanna,1,13,17,1,1,30,1,3,0,NA,NA,0,0,0,0,0,0,0,0
CERC163,Inland Tanna,1,7,23,0,0,33,1,3,0,NA,NA,0,0,0,0,1,0,0,0
CERC164,Inland Tanna,1,20,10,1,1,69,1,5,0,NA,0.666666667,0,1,1,0,0,0,0,0
CERC165,Inland Tanna,1,19,11,1,1,36,1,5,0,NA,NA,0,0,0,0,1,0,0,0
CERC166,Inland Tanna,1,15,15,0.5,1,60,1,10,0,NA,NA,0,0,0,0,1,0,0,0
CERC167,Inland Tanna,1,16,14,0.5,1,45,1,5,0,NA,NA,0,0,0,0,1,0,0,0
CERC168,Inland Tanna,1,15,15,1,1,27,1,1,0,NA,NA,0,0,0,0,0,0,0,0
CERC169,Inland Tanna,1,20,10,0.5,1,19,1,0,0,NA,NA,0,0,0,0,0,0,0,0
CERC17,Coastal Tanna,1,16,14,1,1,62,0,5,8,NA,NA,0,0,0,0,1,0,0,0
CERC170,Inland Tanna,1,12,18,0.5,1,19,1,0,0,0.25,NA,1,0,1,0,0,0,0,0
CERC171,Inland Tanna,1,13,17,0.5,1,41,1,8,0,NA,NA,0,0,0,0,1,0,0,0
CERC172,Inland Tanna,1,19,11,NA,NA,60,1,5,0,NA,NA,0,0,0,0,0,0,0,0
CERC173,Inland Tanna,1,16,14,1,1,58,1,5,0,NA,NA,0,0,0,0,0,0,0,0
CERC174,Inland Tanna,1,17,13,1,1,25,1,0,0,NA,NA,0,0,0,0,1,0,0,0
CERC175,Inland Tanna,1,14,16,0.5,1,35,1,4,12,NA,NA,0,0,0,0,0,0,0,0
CERC176,Inland Tanna,1,19,11,1,1,55,1,0,0,NA,NA,0,0,0,0,1,0,0,0
CERC177,Inland Tanna,1,1,29,1,1,71,1,10,0,NA,NA,0,0,0,0,0,0,0,0
CERC178,Inland Tanna,1,19,11,1,1,20,1,0,1,NA,NA,0,0,0,0,1,0,0,0
CERC179,Inland Tanna,1,16,14,1,1,20,1,0,0,NA,NA,0,0,0,0,1,0,0,0
CERC18,Coastal Tanna,1,11,19,0.5,1,19,0,0,7,NA,NA,0,0,0,0,1,0,0,0
CERC180,Inland Tanna,1,15,15,NA,1,26,1,0,5,NA,NA,0,0,0,0,1,0,0,0
CERC181,Inland Tanna,1,14,16,1,1,33,1,1,0,NA,NA,0,0,0,0,1,0,0,0
CERC182,Inland Tanna,1,17,13,0.5,1,33,1,0,0,NA,NA,0,0,0,0,1,0,0,0
CERC183,Inland Tanna,1,4,26,1,1,21,1,1,1,NA,NA,0,0,0,0,1,0,0,0
CERC184,Inland Tanna,1,15,15,NA,NA,28,1,4,0,NA,NA,0,0,0,0,1,0,0,0
CERC185,Inland Tanna,1,13,17,NA,NA,19,1,0,6,NA,NA,0,0,0,0,1,0,0,0
CERC186,Inland Tanna,1,13,17,1,1,52,1,4,0,NA,NA,0,0,0,0,0,0,0,0
CERC187,Inland Tanna,1,16,14,1,1,47,1,8,0,NA,NA,0,0,0,0,0,0,0,0
CERC188,Inland Tanna,1,15,15,0.5,1,30,1,0,0,NA,NA,0,0,0,0,1,0,0,0
CERC189,Lovu,1,11,19,1,1,50,0,2,8,NA,0.4,0,1,1,1,0,0,0,0
CERC19,Coastal Tanna,1,17,13,1,1,20,0,0,6,NA,NA,0,0,0,0,0,0,0,0
CERC190,Lovu,1,18,12,1,1,44,0,2,11,NA,NA,0,0,0,1,1,0,0,0
CERC191,Lovu,1,16,14,1,1,24,1,0,19,NA,NA,0,0,0,0,0,1,1,0
CERC192,Lovu,1,11,19,0.5,1,18,1,NA,13,0.333333333,NA,1,0,1,1,0,0,0,0
CERC193,Lovu,1,14,16,1,1,31,0,2,6,0.333333333,1,1,1,2,1,1,0,0,0
CERC194,Lovu,1,17,13,0.5,1,42,1,2,6,NA,NA,0,0,0,0,0,0,0,0
CERC195,Lovu,1,9,21,1,1,20,1,NA,15,1,NA,1,0,1,0,1,0,0,0
CERC196,Lovu,1,10,20,0.5,0.5,32,1,2,8,0.666666667,0.666666667,1,1,2,0,1,0,0,0
CERC197,Lovu,1,12,18,0.5,1,66,1,3,7,1,0.666666667,1,1,2,1,1,0,0,0
CERC198,Lovu,1,14,16,1,1,23,0,2,10,0.666666667,0.666666667,1,1,2,1,1,0,0,0
CERC199,Lovu,1,14,16,0.5,1,20,1,0,16,0.2,0.4,1,1,2,1,1,0,0,0
CERC2,Coastal Tanna,1,18,12,NA,NA,26,0,2,13,NA,NA,0,0,0,0,1,0,0,0
CERC20,Coastal Tanna,1,14,16,1,1,42,0,4,6,NA,NA,0,0,0,0,1,0,0,0
CERC200,Lovu,1,14,16,1,1,19,1,0,15,0.8,NA,1,0,1,1,1,1,1,0
CERC201,Lovu,1,13,17,0.5,1,20,1,NA,13,0.6,1,1,1,2,0,0,0,0,0
CERC202,Lovu,1,15,15,0.5,1,55,0,4,8,1,1,1,1,2,0,0,0,0,0
CERC203,Lovu,1,17,13,0.5,0.5,34,1,2,10,NA,NA,0,0,0,0,1,0,0,0
CERC204,Lovu,1,17,13,1,1,24,0,2,NA,1,0.5,1,1,2,0,0,0,0,0
CERC205,Lovu,1,18,12,0.5,1,54,0,4,8,0.666666667,0.666666667,1,1,2,1,1,0,0,0
CERC206,Lovu,1,14,16,1,1,48,0,2,9,1,0.666666667,1,1,2,0,0,0,0,0
CERC207,Lovu,1,10,20,1,1,62,0,0,2,1,NA,1,0,1,0,0,0,0,0
CERC208,Lovu,1,16,14,1,1,60,0,1,7,NA,NA,0,0,0,1,1,0,0,0
CERC209,Lovu,1,18,12,1,1,40,1,2,9,NA,0.333333333,0,1,1,0,1,0,0,0
CERC21,Coastal Tanna,1,15,15,1,1,21,0,0,15,NA,0.4,0,1,1,0,1,0,0,0
CERC210,Lovu,1,11,19,1,1,43,0,2,10,NA,NA,0,0,0,0,1,0,0,0
CERC211,Lovu,1,16,14,0.5,1,65,0,3,8,NA,1,0,1,1,1,1,0,0,0
CERC212,Lovu,1,19,11,1,1,67,0,1,8,1,1,1,1,2,1,0,0,0,0
CERC213,Lovu,1,15,15,1,1,55,0,4,2,NA,NA,0,0,0,1,0,0,0,0
CERC214,Lovu,1,20,10,1,1,64,0,7,5,NA,0.5,0,1,1,0,0,0,0,0
CERC215,Lovu,1,18,12,1,1,50,0,2,10,1,NA,1,0,1,1,1,0,0,0
CERC216,Lovu,1,17,13,1,1,34,0,2,12,NA,NA,0,0,0,0,1,0,0,0
CERC217,Lovu,1,16,14,1,1,42,0,2,12,NA,0.5,0,1,1,0,0,0,0,0
CERC218,Lovu,1,13,17,1,1,57,0,5,8,NA,1,0,1,1,1,0,0,0,0
CERC219,Lovu,1,10,20,1,1,60,1,1,0,1,1,1,1,2,0,0,0,0,0
CERC22,Coastal Tanna,1,13,17,1,1,51,0,5,6,NA,NA,0,0,0,0,1,0,0,0
CERC220,Lovu,1,13,17,1,1,68,1,0,7,0.5,NA,1,0,1,0,0,0,0,0
CERC221,Lovu,1,16,14,1,1,65,0,5,0,NA,NA,0,0,0,1,1,0,0,0
CERC222,Lovu,1,17,13,1,1,46,0,2,11,NA,NA,0,0,0,0,1,0,0,0
CERC223,Lovu,1,18,12,1,1,28,1,2,8,1,0.333333333,1,1,2,1,0,0,0,0
CERC224,Lovu,1,12,18,1,1,60,1,5,8,NA,1,0,1,1,1,0,0,0,0
CERC225,Lovu,1,14,16,1,1,67,0,4,0,1,NA,1,0,1,0,0,0,0,0
CERC226,Lovu,1,17,13,0.5,1,63,0,5,6,NA,0.666666667,0,1,1,1,1,0,0,0
CERC227,Lovu,1,20,10,1,1,60,1,2,7,NA,0.75,0,1,1,0,0,0,0,0
CERC228,Lovu,1,15,15,1,1,21,1,NA,6,0.5,0.5,1,1,2,0,1,0,0,0
CERC229,Lovu,1,14,16,1,1,50,0,2,11,NA,NA,0,0,0,0,0,0,0,0
CERC23,Coastal Tanna,1,12,18,0.5,1,30,0,3,7,NA,NA,0,0,0,0,1,0,0,0
CERC230,Lovu,1,10,20,0.5,1,35,0,1,12,NA,0.25,0,1,1,1,0,0,0,0
CERC231,Lovu,1,13,17,1,1,42,0,2,6,NA,NA,0,0,0,1,1,0,0,0
CERC232,Lovu,1,14,16,1,1,48,0,2,11,1,1,1,1,2,0,0,0,0,0
CERC233,Lovu,1,19,11,1,1,31,0,4,10,NA,NA,0,0,0,0,1,0,0,0
CERC234,Lovu,1,21,9,0.5,1,83,0,6,0,0.25,NA,1,0,1,0,0,0,0,0
CERC235,Lovu,1,13,17,1,1,30,0,1,14,1,0.75,1,1,2,1,1,0,0,0
CERC236,Lovu,1,19,11,0,1,20,0,2,11,NA,NA,0,0,0,0,0,0,0,0
CERC237,Lovu,1,11,19,0,1,53,0,3,12,1,0.5,1,1,2,1,1,0,0,0
CERC238,Lovu,1,16,14,1,1,22,0,1,8,0.333333333,1,1,1,2,0,0,0,0,0
CERC239,Lovu,1,11,19,1,1,NA,0,2,NA,NA,0.5,0,1,1,0,0,0,0,0
CERC24,Coastal Tanna,1,16,14,0,1,23,1,0,10,1,NA,1,0,1,0,0,0,0,0
CERC240,Lovu,1,18,12,1,1,30,0,2,11,NA,NA,0,0,0,1,1,0,0,0
CERC241,Lovu,1,19,11,0.5,1,78,1,6,0,1,0.333333333,1,1,2,0,1,1,1,0
CERC242,Lovu,1,15,15,1,1,49,1,2,6,0.5,0.333333333,1,1,2,0,1,0,0,0
CERC243,Lovu,1,14,16,1,1,53,0,3,10,NA,NA,0,0,0,1,0,0,0,0
CERC244,Lovu,1,16,14,0.5,1,19,0,0,12,NA,NA,0,0,0,1,1,1,1,0
CERC245,Lovu,1,10,20,1,1,33,1,0,12,0.4,NA,1,0,1,0,0,0,0,0
CERC246,Lovu,1,15,15,1,1,42,0,2,8,NA,NA,0,0,0,1,0,0,0,0
CERC247,Lovu,1,15,15,1,1,55,0,2,7,NA,NA,0,0,0,1,0,0,0,0
CERC248,Lovu,1,14,16,1,1,20,0,NA,12,0.333333333,0.333333333,1,1,2,0,1,0,0,0
CERC249,Lovu,1,14,16,0.5,1,50,0,2,10,NA,0.666666667,0,1,1,0,1,0,0,0
CERC25,Coastal Tanna,1,10,20,1,1,60,1,4,6,NA,0.8,0,1,1,0,1,0,0,0
CERC250,Lovu,1,13,17,1,1,45,0,3,8,1,0.5,1,1,2,0,0,0,0,0
CERC251,Lovu,1,15,15,0.5,1,60,0,3,6,NA,0.5,0,1,1,1,1,1,1,0
CERC252,Lovu,1,15,15,1,1,36,0,1,12,1,NA,1,0,1,1,1,0,0,0
CERC253,Lovu,1,16,14,1,1,22,1,1,11,NA,NA,0,0,0,0,0,0,0,0
CERC254,Lovu,1,19,11,0.5,0.5,27,0,2,10,0.666666667,1,1,1,2,1,1,0,0,0
CERC255,Lovu,1,16,14,1,1,55,1,1,12,0.2,0.75,1,1,2,0,0,0,0,0
CERC256,Lovu,1,18,12,0.5,1,42,0,3,11,NA,NA,0,0,0,1,0,0,0,0
CERC257,Lovu,1,11,19,1,1,74,0,6,7,NA,0.25,0,1,1,0,1,0,0,0
CERC258,Lovu,1,15,15,1,1,58,0,2,8,0.2,NA,1,0,1,1,1,0,0,0
CERC259,Lovu,1,21,9,1,1,47,0,1,10,1,0.333333333,1,1,2,1,1,0,0,0
CERC26,Coastal Tanna,1,14,16,0.5,1,41,1,3,12,0.6,0.8,1,1,2,0,1,0,0,0
CERC260,Lovu,1,15,15,1,1,48,0,1,10,NA,NA,0,0,0,1,1,0,0,0
CERC261,Lovu,1,11,19,1,1,60,1,1,5,0.666666667,0.5,1,1,2,0,1,1,1,0
CERC262,Lovu,1,16,14,0.5,1,68,0,2,7,1,NA,1,0,1,0,0,0,0,0
CERC263,Lovu,1,18,12,0.5,1,37,0,1,12,0.2,0.75,1,1,2,0,1,0,0,0
CERC264,Lovu,1,10,20,1,1,19,1,0,9,1,NA,1,0,1,1,1,0,0,0
CERC265,Mauritius,1,16,14,1,1,24,1,1,6,NA,0.2,0,1,1,0,1,0,0,0
CERC266,Mauritius,1,13,17,1,1,60,0,6,4,NA,NA,0,0,0,0,0,0,0,0
CERC267,Mauritius,1,9,21,0,1,23,1,0,6,NA,NA,0,0,0,0,0,0,0,0
CERC268,Mauritius,1,11,19,0,1,25,1,0,6,NA,NA,0,0,0,0,1,0,0,0
CERC269,Mauritius,1,13,17,1,1,50,0,3,5,NA,NA,0,0,0,0,1,0,0,0
CERC27,Coastal Tanna,1,12,18,0.5,1,25,1,1,10,NA,NA,0,0,0,0,0,0,0,0
CERC270,Mauritius,1,8,22,0.5,1,18,1,0,10,NA,NA,0,0,0,0,1,0,0,0
CERC271,Mauritius,1,5,25,0.5,0.5,18,1,0,11,NA,NA,0,0,0,0,0,0,0,0
CERC272,Mauritius,1,16,14,0.5,1,24,1,0,6,NA,NA,0,0,0,0,1,0,0,0
CERC273,Mauritius,1,13,17,1,1,59,0,4,6,NA,NA,0,0,0,0,0,0,0,0
CERC274,Mauritius,1,14,16,1,1,28,0,2,6,NA,NA,0,0,0,0,1,0,0,0
CERC275,Mauritius,1,13,17,1,1,42,1,2,6,NA,NA,0,0,0,0,1,0,0,0
CERC276,Mauritius,1,8,22,0.5,1,24,1,0,10,NA,NA,0,0,0,0,1,0,0,0
CERC277,Mauritius,1,17,13,0.5,1,59,1,4,6,NA,1,0,1,1,0,1,0,0,0
CERC278,Mauritius,1,12,18,0.5,0,20,0,0,10,NA,NA,0,0,0,0,0,0,0,0
CERC279,Mauritius,1,11,19,0.5,1,50,1,3,12,NA,NA,0,0,0,0,0,0,0,0
CERC28,Coastal Tanna,1,16,14,1,1,59,1,4,6,NA,NA,0,0,0,0,0,0,0,0
CERC280,Mauritius,1,12,18,0,NA,32,1,1,11,NA,NA,0,0,0,0,1,1,1,0
CERC281,Mauritius,1,8,22,0.5,0.5,22,0,0,10,NA,NA,0,0,0,0,0,0,0,0
CERC282,Mauritius,1,19,11,1,1,35,1,2,11,NA,NA,0,0,0,0,0,0,0,0
CERC283,Mauritius,1,15,15,0,0.5,61,0,3,10,NA,NA,0,0,0,0,1,0,0,0
CERC284,Mauritius,1,11,19,0,1,55,1,6,2,NA,NA,0,0,0,0,0,0,0,0
CERC285,Mauritius,1,15,15,0,0.5,45,1,2,4,NA,NA,0,0,0,0,0,0,0,0
CERC286,Mauritius,1,13,17,0,1,52,1,0,4,NA,NA,0,0,0,0,0,0,0,0
CERC287,Mauritius,1,12,18,1,1,28,1,0,11,NA,NA,0,0,0,0,1,0,0,0
CERC288,Mauritius,1,16,14,1,1,26,0,1,10,NA,NA,0,0,0,0,0,0,0,0
CERC289,Mauritius,1,15,15,0.5,1,55,0,0,11,NA,NA,0,0,0,0,0,0,0,0
CERC29,Coastal Tanna,1,9,21,1,1,43,1,2,7,NA,NA,0,0,0,0,1,0,0,0
CERC290,Mauritius,1,15,15,0.5,1,23,0,0,6,NA,NA,0,0,0,0,1,0,0,0
CERC291,Mauritius,1,18,12,1,0.5,18,1,0,8,NA,NA,0,0,0,0,1,0,0,0
CERC292,Mauritius,1,18,12,1,1,22,1,0,11,NA,NA,0,0,0,0,1,0,0,0
CERC293,Mauritius,1,18,12,0.5,1,18,1,0,11,NA,NA,0,0,0,0,1,0,0,0
CERC294,Mauritius,1,14,16,0,1,38,1,0,11,NA,NA,0,0,0,0,0,0,0,0
CERC295,Mauritius,1,18,12,1,1,35,1,0,6,NA,NA,0,0,0,0,0,0,0,0
CERC296,Mauritius,1,19,11,0,1,74,1,3,6,0.6,NA,1,0,1,0,1,0,0,0
CERC297,Mauritius,1,15,15,1,1,21,1,0,11,0.166666667,NA,1,0,1,0,0,0,0,0
CERC298,Mauritius,1,10,20,0.5,1,54,1,1,6,NA,NA,0,0,0,0,0,0,0,0
CERC299,Mauritius,1,14,16,0,1,52,1,4,6,NA,NA,0,0,0,0,0,0,0,0
CERC3,Coastal Tanna,1,16,14,1,1,75,0,6,0,NA,NA,0,0,0,0,1,0,0,0
CERC30,Coastal Tanna,1,17,13,1,1,30,1,3,6,NA,NA,0,0,0,0,1,0,0,0
CERC301,Mauritius,1,20,10,1,1,61,1,4,0,NA,NA,0,0,0,0,1,0,0,0
CERC302,Mauritius,1,15,15,0.5,1,56,1,3,6,NA,NA,0,0,0,0,0,0,0,0
CERC303,Mauritius,1,15,15,1,1,45,0,3,5,NA,NA,0,0,0,0,1,0,0,0
CERC304,Mauritius,1,21,9,0.5,0.5,61,1,3,6,NA,NA,0,0,0,0,0,0,0,0
CERC305,Mauritius,1,19,11,0.5,1,37,1,1,12,NA,NA,0,0,0,0,1,0,0,0
CERC306,Mauritius,1,15,15,0,1,55,1,3,6,NA,NA,0,0,0,0,0,0,0,0
CERC307,Mauritius,1,14,16,1,1,41,1,2,6,NA,NA,0,0,0,0,1,1,1,0
CERC31,Coastal Tanna,1,20,10,1,1,42,1,3,6,0.6,NA,1,0,1,0,0,0,0,0
CERC310,Mauritius,1,15,15,1,1,26,1,0,6,NA,NA,0,0,0,0,1,1,1,0
CERC311,Mauritius,1,11,19,1,1,33,1,0,9,NA,NA,0,0,0,1,0,0,0,0
CERC312,Mauritius,1,15,15,0.5,1,36,1,2,7,NA,NA,0,0,0,1,1,0,0,0
CERC314,Mauritius,1,12,18,1,1,47,0,3,11,NA,NA,0,0,0,1,0,0,0,0
CERC315,Mauritius,1,15,15,1,1,35,0,2,9,NA,NA,0,0,0,1,0,0,0,0
CERC316,Mauritius,1,14,16,0.5,1,22,1,0,6,NA,NA,0,0,0,1,0,0,0,0
CERC317,Mauritius,1,11,19,1,1,24,1,0,11,NA,NA,0,0,0,1,0,0,0,0
CERC318,Mauritius,1,13,17,0,1,40,0,2,11,NA,0.6,0,1,1,1,1,0,0,0
CERC319,Mauritius,1,17,13,0,1,78,1,3,6,NA,NA,0,0,0,1,1,0,0,0
CERC32,Coastal Tanna,1,14,16,1,1,30,1,2,10,NA,NA,0,0,0,0,0,0,0,0
CERC320,Mauritius,1,15,15,1,1,18,0,0,6,NA,NA,0,0,0,1,0,0,0,0
CERC321,Mauritius,1,19,11,1,1,19,1,0,11,NA,NA,0,0,0,1,1,0,0,0
CERC322,Mauritius,1,15,15,1,1,20,1,0,13,NA,NA,0,0,0,1,1,0,0,0
CERC323,Mauritius,1,13,17,1,1,19,1,0,13,NA,NA,0,0,0,1,0,0,0,0
CERC324,Mauritius,1,14,16,1,1,18,0,0,10,NA,NA,0,0,0,1,0,0,0,0
CERC325,Mauritius,1,13,17,0.5,1,31,0,1,11,NA,NA,0,0,0,1,0,1,1,0
CERC326,Mauritius,1,4,26,0,1,25,0,2,11,NA,NA,0,0,0,1,1,0,0,0
CERC327,Mauritius,1,14,16,1,1,59,1,2,10,NA,NA,0,0,0,1,1,0,0,0
CERC328,Mauritius,1,15,15,1,1,26,1,0,10,NA,NA,0,0,0,1,1,1,1,0
CERC329,Mauritius,1,10,20,NA,1,18,0,0,13,NA,NA,0,0,0,1,1,0,0,0
CERC33,Coastal Tanna,1,18,12,1,1,21,1,0,10,NA,NA,0,0,0,0,1,0,0,0
CERC330,Mauritius,1,16,14,1,1,34,1,1,7,NA,NA,0,0,0,1,1,0,0,0
CERC331,Mauritius,1,17,13,1,1,20,0,0,13,NA,NA,0,0,0,1,1,0,0,0
CERC332,Mauritius,1,13,17,0.5,1,21,0,1,10,NA,NA,0,0,0,1,1,0,0,0
CERC333,Mauritius,1,9,21,0,0,52,1,5,13,NA,NA,0,0,0,1,0,0,0,0
CERC334,Mauritius,1,9,21,1,1,18,1,0,10,1,0.4,1,1,2,1,1,0,0,0
CERC335,Mauritius,1,12,18,0.5,1,34,1,1,6,NA,NA,0,0,0,1,0,0,0,0
CERC336,Mauritius,1,19,11,0.5,1,45,1,2,11,NA,NA,0,0,0,1,0,0,0,0
CERC337,Mauritius,1,14,16,0,0,34,1,0,6,NA,NA,0,0,0,1,0,0,0,0
CERC338,Mauritius,1,8,22,1,0,38,1,1,9,NA,NA,0,0,0,1,1,0,0,0
CERC339,Mauritius,1,18,12,0,1,23,1,0,6,NA,NA,0,0,0,1,1,0,0,0
CERC34,Coastal Tanna,1,14,16,1,1,31,1,3,11,NA,NA,0,0,0,0,0,0,0,0
CERC340,Mauritius,1,9,21,0.5,1,43,0,2,3,NA,NA,0,0,0,1,0,0,0,0
CERC341,Mauritius,1,12,18,0.5,1,24,0,0,9,NA,NA,0,0,0,1,1,0,0,0
CERC342,Mauritius,1,17,13,1,1,56,1,1,11,NA,NA,0,0,0,1,0,0,0,0
CERC343,Mauritius,1,14,16,1,1,19,1,0,11,NA,NA,0,0,0,1,0,1,1,0
CERC344,Mauritius,1,11,19,1,1,17,1,0,6,NA,NA,0,0,0,1,1,0,0,0
CERC345,Mauritius,1,8,22,0.5,1,49,1,2,13,NA,NA,0,0,0,1,0,0,0,0
CERC346,Mauritius,1,15,15,0.5,1,45,1,4,11,NA,NA,0,0,0,1,1,0,0,0
CERC347,Mauritius,1,11,19,0.5,1,33,1,2,5,NA,NA,0,0,0,1,0,0,0,0
CERC348,Mauritius,1,14,16,0.5,1,33,1,2,5,NA,NA,0,0,0,1,0,1,1,0
CERC349,Mauritius,1,7,23,0,1,36,1,0,6,NA,NA,0,0,0,1,0,0,0,0
CERC35,Coastal Tanna,1,12,18,0.5,1,34,1,0,6,NA,NA,0,0,0,0,0,0,0,0
CERC350,Mauritius,1,15,15,1,1,34,1,1,6,NA,NA,0,0,0,1,1,0,0,0
CERC351,Mauritius,1,14,16,1,1,34,0,2,6,NA,NA,0,0,0,1,1,0,0,0
CERC352,Mauritius,1,13,17,0.5,1,55,0,4,8,NA,NA,0,0,0,1,0,0,0,0
CERC353,Mauritius,1,11,19,1,1,32,1,0,13,NA,NA,0,0,0,1,1,0,0,0
CERC354,Mauritius,1,13,17,1,1,36,1,0,6,0.5,NA,1,0,1,1,1,0,0,0
CERC355,Mauritius,1,13,17,0.5,1,66,1,4,7,NA,NA,0,0,0,1,0,0,0,0
CERC356,Mauritius,1,16,14,1,1,42,1,0,9,NA,NA,0,0,0,1,1,0,0,0
CERC357,Mauritius,1,15,15,0.5,1,33,1,2,11,NA,NA,0,0,0,1,0,0,0,0
CERC358,Mauritius,1,16,14,1,1,47,0,2,11,NA,NA,0,0,0,1,1,1,1,0
CERC359,Pesqueiro,1,15,15,0.5,1,18,1,1,10,NA,NA,0,0,0,0,1,0,0,0
CERC36,Coastal Tanna,1,15,15,0.5,1,26,1,2,16,NA,NA,0,0,0,0,0,0,0,0
CERC360,Pesqueiro,1,13,17,1,1,52,1,0,8,NA,NA,0,0,0,1,1,0,0,0
CERC361,Pesqueiro,1,14,16,1,1,34,1,0,4,1,NA,1,0,1,0,1,0,0,0
CERC362,Pesqueiro,1,8,22,NA,NA,36,1,3,12,NA,NA,0,0,0,1,1,0,0,0
CERC363,Pesqueiro,1,25,5,1,1,53,0,1,2,0.5,NA,1,0,1,1,1,0,0,0
CERC364,Pesqueiro,1,12,18,1,1,25,1,1,11,NA,NA,0,0,0,1,1,0,0,0
CERC365,Pesqueiro,1,14,16,1,1,34,1,2,10,NA,NA,0,0,0,0,0,0,0,0
CERC366,Pesqueiro,1,17,13,0.5,1,36,0,1,6,NA,0.4,0,1,1,1,0,0,0,0
CERC367,Pesqueiro,1,16,14,0.5,1,25,0,0,12,NA,NA,0,0,0,0,0,0,0,0
CERC368,Pesqueiro,1,16,14,0.5,1,25,0,0,11,NA,NA,0,0,0,0,1,0,0,0
CERC369,Pesqueiro,1,18,12,1,1,45,0,4,5,NA,NA,0,0,0,1,0,1,1,0
CERC37,Coastal Tanna,1,15,15,1,1,38,1,3,12,NA,NA,0,0,0,0,1,0,0,0
CERC370,Pesqueiro,1,7,23,0.5,1,40,0,2,11,NA,NA,0,0,0,0,1,0,0,0
CERC371,Pesqueiro,1,14,16,0,1,52,0,4,NA,NA,NA,0,0,0,0,0,0,0,0
CERC372,Pesqueiro,1,18,12,1,1,18,1,1,8,NA,NA,0,0,0,1,0,0,0,0
CERC373,Pesqueiro,1,20,10,1,1,19,1,1,11,1,NA,1,0,1,0,1,0,0,0
CERC374,Pesqueiro,1,19,11,1,1,39,1,4,8,NA,NA,0,0,0,1,1,0,0,0
CERC375,Pesqueiro,1,25,5,0.5,1,45,0,3,5,NA,NA,0,0,0,0,0,0,0,0
CERC376,Pesqueiro,1,14,16,1,1,18,1,0,NA,NA,NA,0,0,0,1,0,0,0,0
CERC377,Pesqueiro,1,16,14,1,1,19,1,0,NA,1,NA,1,0,1,0,0,1,1,0
CERC378,Pesqueiro,1,14,16,1,1,20,0,NA,7,0.5,NA,1,0,1,1,1,0,0,0
CERC379,Pesqueiro,1,15,15,0,1,42,0,4,5,0.666666667,NA,1,0,1,0,0,0,0,0
CERC38,Coastal Tanna,1,13,17,1,1,43,1,5,9,NA,NA,0,0,0,0,1,0,0,0
CERC380,Pesqueiro,1,14,16,1,1,17,0,0,NA,NA,NA,0,0,0,1,1,0,0,0
CERC381,Pesqueiro,1,17,13,1,1,28,0,0,NA,NA,1,0,1,1,1,0,0,0,0
CERC382,Pesqueiro,1,12,18,0.5,1,39,1,0,3,NA,NA,0,0,0,1,0,0,0,0
CERC383,Pesqueiro,1,14,16,1,1,47,1,1,11,0.2,NA,1,0,1,1,0,0,0,0
CERC384,Pesqueiro,1,14,16,0.5,1,60,1,8,5,NA,NA,0,0,0,1,1,0,0,0
CERC385,Pesqueiro,1,17,13,1,1,25,0,2,11,0.4,NA,1,0,1,1,1,0,0,0
CERC386,Pesqueiro,1,13,17,0.5,1,21,1,0,10,NA,NA,0,0,0,0,1,0,0,0
CERC387,Pesqueiro,1,14,16,1,1,18,1,0,2,NA,NA,0,0,0,0,1,0,0,0
CERC388,Pesqueiro,1,12,18,0.5,1,44,0,9,5,0.4,NA,1,0,1,1,1,0,0,0
CERC389,Pesqueiro,1,18,12,1,1,22,0,1,10,NA,0.6,0,1,1,1,0,0,0,0
CERC39,Coastal Tanna,1,19,11,0.5,1,37,1,6,4,NA,NA,0,0,0,0,0,0,0,0
CERC390,Pesqueiro,1,14,16,1,1,26,0,0,10,NA,NA,0,0,0,1,0,0,0,0
CERC391,Pesqueiro,1,13,17,0.5,1,40,0,4,10,NA,NA,0,0,0,1,0,0,0,0
CERC392,Pesqueiro,1,13,17,1,1,50,0,3,10,NA,0.25,0,1,1,0,1,0,0,0
CERC393,Pesqueiro,1,15,15,1,1,55,0,4,4,NA,NA,0,0,0,0,0,0,0,0
CERC394,Pesqueiro,1,13,17,1,1,60,0,8,2,NA,NA,0,0,0,1,1,0,0,0
CERC395,Pesqueiro,1,20,10,0.5,1,43,0,2,4,NA,NA,0,0,0,0,0,0,0,0
CERC396,Pesqueiro,1,13,17,1,1,40,1,0,8,NA,NA,0,0,0,0,0,0,0,0
CERC397,Pesqueiro,1,15,15,0,1,26,0,3,11,NA,NA,0,0,0,0,0,0,0,0
CERC398,Pesqueiro,1,19,11,1,1,34,0,5,5,NA,NA,0,0,0,0,0,0,0,0
CERC399,Pesqueiro,1,16,14,1,1,38,0,8,1,NA,NA,0,0,0,0,0,0,0,0
CERC4,Coastal Tanna,1,14,16,0.5,1,28,0,1,7,NA,NA,0,0,0,0,1,0,0,0
CERC40,Coastal Tanna,1,16,14,1,1,38,1,4,6,NA,NA,0,0,0,0,0,0,0,0
CERC400,Pesqueiro,1,12,18,0,1,28,0,2,7,NA,NA,0,0,0,1,1,0,0,0
CERC401,Pesqueiro,1,16,14,1,1,24,0,2,10,NA,NA,0,0,0,1,1,0,0,0
CERC402,Pesqueiro,1,14,16,1,1,24,1,1,9,NA,NA,0,0,0,0,0,0,0,0
CERC403,Pesqueiro,1,13,17,1,1,23,0,1,11,NA,0.2,0,1,1,0,1,0,0,0
CERC404,Pesqueiro,1,6,24,1,1,58,1,14,1,NA,NA,0,0,0,0,1,0,0,0
CERC405,Pesqueiro,1,17,13,1,1,72,0,6,6,NA,NA,0,0,0,0,1,0,0,0
CERC406,Pesqueiro,1,16,14,1,1,21,1,1,11,0.666666667,NA,1,0,1,0,0,1,1,0
CERC407,Pesqueiro,1,15,15,0.5,0,23,1,0,10,0.333333333,NA,1,0,1,1,0,0,0,0
CERC408,Pesqueiro,1,16,14,0,1,32,1,2,12,1,0.2,1,1,2,1,0,0,0,0
CERC409,Pesqueiro,1,12,18,0.5,1,27,1,3,15,0.6,1,1,1,2,0,1,1,1,0
CERC41,Coastal Tanna,1,19,11,1,1,52,1,5,6,NA,NA,0,0,0,0,1,0,0,0
CERC410,Pesqueiro,1,20,10,1,1,29,1,1,3,NA,NA,0,0,0,0,0,0,0,0
CERC411,Pesqueiro,1,14,16,0.5,1,22,1,1,11,NA,NA,0,0,0,0,1,0,0,0
CERC412,Pesqueiro,1,16,14,1,1,48,1,6,NA,NA,NA,0,0,0,1,0,0,0,0
CERC413,Pesqueiro,1,17,13,1,1,28,1,2,9,NA,NA,0,0,0,1,1,0,0,0
CERC414,Pesqueiro,1,11,19,0.5,1,23,1,2,7,NA,NA,0,0,0,0,1,1,1,0
CERC415,Pesqueiro,1,17,13,1,1,37,1,0,NA,0.2,0.2,1,1,2,0,1,0,0,0
CERC416,Pesqueiro,1,10,20,1,1,22,1,1,11,NA,NA,0,0,0,0,1,0,0,0
CERC417,Pesqueiro,1,16,14,0.5,1,21,1,0,8,1,NA,1,0,1,1,0,0,0,0
CERC418,Pesqueiro,1,12,18,NA,NA,21,1,0,10,NA,NA,0,0,0,1,1,0,0,0
CERC419,Pesqueiro,1,15,15,1,1,21,0,1,7,NA,0.6,0,1,1,0,0,0,0,0
CERC42,Coastal Tanna,1,15,15,1,1,28,1,3,6,NA,NA,0,0,0,0,1,0,0,0
CERC420,Pesqueiro,1,13,17,1,1,37,0,0,6,NA,NA,0,0,0,1,0,0,0,0
CERC421,Pesqueiro,1,17,13,0.5,1,20,0,1,10,NA,NA,0,0,0,0,1,0,0,0
CERC422,Pesqueiro,1,14,16,NA,NA,31,0,3,12,NA,NA,0,0,0,1,0,0,0,0
CERC423,Pesqueiro,1,21,9,1,1,44,0,3,4,NA,NA,0,0,0,1,1,0,0,0
CERC424,Pesqueiro,1,14,16,0.5,1,56,0,3,7,NA,NA,0,0,0,1,1,0,0,0
CERC425,Pesqueiro,1,19,11,1,1,35,0,1,11,1,1,1,1,2,1,0,0,0,0
CERC426,Pesqueiro,1,14,16,1,1,43,0,4,8,NA,NA,0,0,0,1,0,0,0,0
CERC427,Pesqueiro,1,14,16,1,1,54,1,2,5,NA,NA,0,0,0,0,1,0,0,0
CERC428,Pesqueiro,1,8,22,1,1,40,1,0,4,NA,0.2,0,1,1,0,1,0,0,0
CERC429,Pesqueiro,1,12,18,1,1,57,1,3,17,NA,NA,0,0,0,0,1,0,0,0
CERC43,Coastal Tanna,1,15,15,0.5,1,61,1,5,10,NA,NA,0,0,0,0,0,0,0,0
CERC430,Pesqueiro,1,11,19,1,1,22,0,1,11,NA,NA,0,0,0,1,0,0,0,0
CERC431,Pesqueiro,1,0,30,0,0,38,0,6,1,NA,NA,0,0,0,0,1,0,0,0
CERC432,Pesqueiro,1,16,14,1,1,32,0,1,12,NA,NA,0,0,0,1,0,0,0,0
CERC433,Pesqueiro,1,13,17,1,1,21,1,1,5,NA,NA,0,0,0,1,1,0,0,0
CERC434,Pesqueiro,1,13,17,NA,NA,21,1,0,11,NA,NA,0,0,0,0,0,0,0,0
CERC435,Pesqueiro,1,12,18,1,1,44,0,1,10,NA,NA,0,0,0,0,1,0,0,0
CERC436,Tyva Republic,1,19,11,0.5,0,20,1,0,13,NA,NA,0,0,0,0,0,0,0,0
CERC437,Tyva Republic,1,14,16,1,1,44,1,4,15,NA,NA,0,0,0,0,1,0,0,0
CERC438,Tyva Republic,1,18,12,1,1,41,0,2,14,0.6,0.8,1,1,2,0,0,0,0,0
CERC439,Tyva Republic,1,21,9,1,1,25,0,2,16.5,NA,NA,0,0,0,0,0,1,1,0
CERC44,Coastal Tanna,1,13,17,0.5,1,20,1,0,14,1,1,1,1,2,0,0,0,0,0
CERC440,Tyva Republic,1,13,17,1,1,27,0,1,16,NA,NA,0,0,0,0,0,0,0,0
CERC441,Tyva Republic,1,10,20,1,1,53,0,5,14,NA,NA,0,0,0,0,1,0,0,0
CERC442,Tyva Republic,1,20,10,0.5,1,46,1,2,16,NA,NA,0,0,0,0,1,0,0,0
CERC443,Tyva Republic,1,14,16,1,0.5,45,0,2,17,0.6,0.2,1,1,2,0,1,0,0,0
CERC444,Tyva Republic,1,12,18,1,1,28,0,2,19,0.8,0.8,1,1,2,0,1,0,0,0
CERC445,Tyva Republic,1,15,15,1,0,27,1,2,16,NA,NA,0,0,0,0,0,0,0,0
CERC446,Tyva Republic,1,17,13,0.5,0.5,30,1,1,18,NA,NA,0,0,0,0,1,0,0,0
CERC447,Tyva Republic,1,23,7,1,1,37,0,4,16,NA,1,0,1,1,0,1,0,0,0
CERC448,Tyva Republic,1,16,14,0.5,1,39,1,5,16,NA,NA,0,0,0,0,1,0,0,0
CERC449,Tyva Republic,1,12,18,0.5,1,35,0,3,16,0.8,0.6,1,1,2,0,0,0,0,0
CERC45,Hadza,1,15,15,NA,NA,35,1,4,0,NA,NA,0,0,0,0,1,NA,0,1
CERC450,Tyva Republic,1,20,10,1,0.5,49,0,2,16,NA,NA,0,0,0,0,1,0,0,0
CERC451,Tyva Republic,1,19,11,1,1,34,0,1,15,NA,NA,0,0,0,0,1,0,0,0
CERC452,Tyva Republic,1,14,16,1,1,22,0,2,15,NA,NA,0,0,0,0,0,0,0,0
CERC453,Tyva Republic,1,13,17,1,1,24,1,2,14,1,NA,1,0,1,0,0,0,0,0
CERC454,Tyva Republic,1,14,16,0,0,33,0,2,20,NA,NA,0,0,0,0,1,0,0,0
CERC455,Tyva Republic,1,17,13,1,1,58,1,5,19,NA,NA,0,0,0,0,0,0,0,0
CERC456,Tyva Republic,1,19,11,0.5,1,28,0,0,16,NA,NA,0,0,0,0,1,0,0,0
CERC457,Tyva Republic,1,13,17,1,1,27,1,1,13,1,NA,1,0,1,0,0,0,0,0
CERC458,Tyva Republic,1,19,11,1,1,51,0,2,15,NA,0.8,0,1,1,0,1,0,0,0
CERC459,Tyva Republic,1,14,16,1,1,22,0,1,15,NA,NA,0,0,0,0,1,0,0,0
CERC46,Hadza,1,9,21,NA,NA,42,0,9,0,NA,NA,0,0,0,0,1,NA,0,1
CERC460,Tyva Republic,1,18,12,0.5,1,48,0,2,20,0.4,1,1,1,2,0,0,0,0,0
CERC461,Tyva Republic,1,17,13,1,1,18,0,0,12,0.8,0.2,1,1,2,0,0,0,0,0
CERC462,Tyva Republic,1,15,15,0.5,0,23,0,0,15,1,0.6,1,1,2,0,1,0,0,0
CERC463,Tyva Republic,1,18,12,0,1,20,0,0,14,NA,NA,0,0,0,0,1,0,0,0
CERC464,Tyva Republic,1,13,17,0,0,28,0,2,17,NA,NA,0,0,0,0,0,0,0,0
CERC465,Tyva Republic,1,15,15,0.5,1,35,0,2,19,1,1,1,1,2,0,1,0,0,0
CERC466,Tyva Republic,1,11,19,0.5,1,67,0,2,14,0.4,0.6,1,1,2,0,0,0,0,0
CERC467,Tyva Republic,1,12,18,0.5,0.5,24,0,2,16,NA,NA,0,0,0,0,1,0,0,0
CERC468,Tyva Republic,1,15,15,0.5,0.5,30,0,2,18,0.8,NA,1,0,1,0,1,0,0,0
CERC469,Tyva Republic,1,12,18,1,1,20,0,0,14,NA,0.6,0,1,1,0,0,0,0,0
CERC47,Hadza,1,8,22,NA,0,38,0,3,0,NA,NA,0,0,0,0,0,NA,0,1
CERC470,Tyva Republic,1,14,16,1,1,20,0,0,13,NA,NA,0,0,0,0,0,0,0,0
CERC471,Tyva Republic,1,18,12,0.5,0,29,0,2,17,NA,0.8,0,1,1,0,1,0,0,0
CERC472,Tyva Republic,1,16,14,0.5,0.5,33,0,5,11,NA,0.2,0,1,1,0,1,0,0,0
CERC473,Tyva Republic,1,13,17,1,1,26,0,1,16,NA,NA,0,0,0,0,1,0,0,0
CERC474,Tyva Republic,1,15,15,1,1,22,0,1,14,NA,0.8,0,1,1,0,0,0,0,0
CERC475,Tyva Republic,1,13,17,1,1,58,1,3,17.5,NA,0.6,0,1,1,0,0,0,0,0
CERC476,Tyva Republic,1,17,13,1,1,23,0,1,16,NA,NA,0,0,0,0,0,0,0,0
CERC478,Tyva Republic,1,9,21,0.5,0.5,20,0,0,14,1,1,1,1,2,1,0,0,0,0
CERC479,Tyva Republic,1,17,13,0.5,1,31,0,2,21,NA,NA,0,0,0,1,1,0,0,0
CERC48,Hadza,1,14,16,NA,0,40,0,5,0,NA,NA,0,0,0,0,1,NA,0,1
CERC480,Tyva Republic,1,19,11,1,1,31,0,2,17,0.6,1,1,1,2,1,0,0,0,0
CERC481,Tyva Republic,1,18,12,0.5,1,27,1,1,15,1,1,1,1,2,1,0,0,0,0
CERC482,Tyva Republic,1,12,18,1,1,38,0,3,11.5,NA,NA,0,0,0,1,0,0,0,0
CERC483,Tyva Republic,1,18,12,1,1,55,0,3,17,NA,0.6,0,1,1,1,0,0,0,0
CERC484,Tyva Republic,1,9,21,1,1,31,1,2,17,1,1,1,1,2,1,1,0,0,0
CERC485,Tyva Republic,1,15,15,1,1,23,1,0,14,NA,NA,0,0,0,1,0,0,0,0
CERC486,Tyva Republic,1,14,16,0.5,1,23,1,0,14,NA,NA,0,0,0,1,0,0,0,0
CERC487,Tyva Republic,1,14,16,1,1,57,0,5,19,NA,0.4,0,1,1,1,1,0,0,0
CERC488,Tyva Republic,1,12,18,1,1,21,0,0,15,NA,NA,0,0,0,1,0,0,0,0
CERC489,Tyva Republic,1,8,22,0.5,0.5,24,1,0,14,NA,0.2,0,1,1,1,1,0,0,0
CERC49,Hadza,1,7,23,1,1,35,0,8,0,NA,0.5,0,1,1,0,0,NA,0,1
CERC490,Tyva Republic,1,13,17,0.5,1,27,0,1,13,NA,0.8,0,1,1,1,1,0,0,0
CERC491,Tyva Republic,1,14,16,0,1,21,1,0,13,NA,NA,0,0,0,1,1,0,0,0
CERC492,Tyva Republic,1,15,15,0.5,1,31,0,3,17,NA,0.8,0,1,1,1,0,0,0,0
CERC493,Tyva Republic,1,13,17,0.5,0,36,1,2,20,NA,NA,0,0,0,1,1,0,0,0
CERC494,Tyva Republic,1,19,11,0,1,59,0,2,16,0.8,1,1,1,2,1,1,0,0,0
CERC495,Tyva Republic,1,16,14,0.5,1,18,0,0,12,NA,1,0,1,1,1,1,0,0,0
CERC496,Tyva Republic,1,15,15,0.5,1,51,0,2,15,NA,1,0,1,1,1,0,0,0,0
CERC497,Tyva Republic,1,15,15,1,1,22,0,0,15,0.8,0.6,1,1,2,1,0,0,0,0
CERC498,Tyva Republic,1,17,13,0.5,1,24,1,0,17,NA,0.4,0,1,1,1,0,0,0,0
CERC499,Tyva Republic,1,16,14,1,1,42,0,2,16,NA,1,0,1,1,1,0,0,0,0
CERC5,Coastal Tanna,1,15,15,1,1,20,0,0,14,0.8,NA,1,0,1,0,0,0,0,0
CERC50,Hadza,1,15,15,1,0.5,24,1,2,0,NA,NA,0,0,0,0,0,NA,0,1
CERC500,Tyva Republic,1,14,16,1,1,18,0,0,11,1,NA,1,0,1,1,1,1,1,0
CERC501,Tyva Republic,1,19,11,1,1,63,0,6,11,NA,NA,0,0,0,1,1,0,0,0
CERC502,Tyva Republic,1,13,17,0.5,1,34,0,2,18,NA,NA,0,0,0,1,0,0,0,0
CERC503,Tyva Republic,1,13,17,1,1,30,0,2,17,NA,NA,0,0,0,1,0,0,0,0
CERC504,Tyva Republic,1,17,13,1,1,54,1,3,14,NA,1,0,1,1,1,0,0,0,0
CERC505,Tyva Republic,1,16,14,1,1,33,1,2,11,NA,0.4,0,1,1,1,1,0,0,0
CERC506,Tyva Republic,1,20,10,0,NA,31,1,3,15,1,NA,1,0,1,1,1,0,0,0
CERC508,Tyva Republic,1,17,13,0.5,1,33,0,1,19,NA,NA,0,0,0,1,0,0,0,0
CERC509,Tyva Republic,1,13,17,1,0.5,51,1,1,18,0.6,0.4,1,1,2,1,0,0,0,0
CERC51,Hadza,1,14,16,1,1,64,1,5,0,NA,NA,0,0,0,0,0,NA,0,1
CERC510,Tyva Republic,1,19,11,1,1,47,0,1,13,NA,0.8,0,1,1,1,1,0,0,0
CERC511,Tyva Republic,1,15,15,0.5,1,27,0,1,14,NA,NA,0,0,0,1,0,0,0,0
CERC512,Tyva Republic,1,14,16,1,1,31,0,2,15,1,1,1,1,2,1,1,0,0,0
CERC513,Tyva Republic,1,16,14,1,1,54,0,3,12,1,1,1,1,2,1,1,0,0,0
CERC514,Tyva Republic,1,13,17,1,1,21,0,1,15,NA,1,0,1,1,1,1,0,0,0
CERC515,Tyva Republic,1,20,10,1,1,24,1,0,16,0.8,NA,1,0,1,1,0,1,1,0
CERC516,Tyva Republic,1,17,13,1,1,37,0,1,17,NA,NA,0,0,0,1,0,0,0,0
CERC517,Yasawa,1,13,17,0.5,1,35,0,1,12,NA,NA,0,0,0,1,0,0,0,0
CERC518,Yasawa,1,5,25,0.5,1,45,1,1,11,NA,NA,0,0,0,0,0,0,0,0
CERC519,Yasawa,1,13,17,0.5,1,24,1,0,8,0.4,NA,1,0,1,1,1,0,0,0
CERC52,Hadza,1,13,17,NA,NA,35,0,8,0,NA,NA,0,0,0,0,1,NA,0,1
CERC520,Yasawa,1,10,20,0.5,1,22,0,NA,11,NA,NA,0,0,0,0,1,1,1,0
CERC521,Yasawa,1,10,20,0.5,1,NA,1,2,NA,NA,NA,0,0,0,0,0,0,0,0
CERC522,Yasawa,1,1,29,0.5,1,42,1,3,8,0.2,NA,1,0,1,1,0,0,0,0
CERC523,Yasawa,1,12,18,0.5,1,58,0,5,8,NA,0.2,0,1,1,0,0,0,0,0
CERC524,Yasawa,1,12,18,0.5,1,58,1,4,9,NA,NA,0,0,0,0,1,0,0,0
CERC525,Yasawa,1,14,16,0.5,1,53,0,4,6,NA,NA,0,0,0,0,0,0,0,0
CERC526,Yasawa,1,18,12,0.5,1,29,1,0,12,NA,NA,0,0,0,1,0,0,0,0
CERC527,Yasawa,1,11,19,0.5,1,74,0,3,8,NA,NA,0,0,0,0,0,0,0,0
CERC528,Yasawa,1,13,17,0.5,1,51,1,4,12,NA,NA,0,0,0,0,1,0,0,0
CERC529,Yasawa,1,15,15,1,1,28,1,2,8,NA,0.6,0,1,1,1,0,1,1,0
CERC53,Hadza,1,12,18,NA,NA,21,0,2,0,NA,NA,0,0,0,0,0,NA,0,1
CERC530,Yasawa,1,15,15,0.5,1,24,1,2,8,NA,NA,0,0,0,1,1,0,0,0
CERC531,Yasawa,1,9,21,1,1,22,1,1,10,NA,1,0,1,1,1,0,0,0,0
CERC532,Yasawa,1,13,17,0.5,1,26,0,0,14,NA,NA,0,0,0,1,1,0,0,0
CERC533,Yasawa,1,14,16,0.5,1,23,1,0,10,NA,0.6,0,1,1,1,1,0,0,0
CERC534,Yasawa,1,10,20,0.5,1,55,1,4,11,NA,NA,0,0,0,0,0,1,1,0
CERC535,Yasawa,1,13,17,1,1,22,1,0,8,NA,1,0,1,1,1,0,1,1,0
CERC536,Yasawa,1,21,9,0.5,1,19,0,0,12,NA,0.8,0,1,1,0,0,0,0,0
CERC537,Yasawa,1,15,15,1,1,40,0,5,8,NA,NA,0,0,0,1,1,0,0,0
CERC538,Yasawa,1,16,14,0.5,1,21,1,0,8,NA,NA,0,0,0,0,1,0,0,0
CERC539,Yasawa,1,11,19,0.5,1,49,1,7,9,NA,NA,0,0,0,0,0,0,0,0
CERC54,Hadza,1,15,15,1,1,45,1,7,6,NA,NA,0,0,0,0,0,NA,0,1
CERC540,Yasawa,1,14,16,1,1,23,0,1,10,NA,NA,0,0,0,1,1,0,0,0
CERC541,Yasawa,1,13,17,0.5,1,22,1,0,7,NA,NA,0,0,0,0,0,0,0,0
CERC542,Yasawa,1,10,20,0.5,1,18,1,0,4,NA,NA,0,0,0,1,0,0,0,0
CERC543,Yasawa,1,10,20,0.5,1,30,1,0,8,NA,NA,0,0,0,1,1,0,0,0
CERC544,Yasawa,1,8,22,NA,NA,47,0,3,NA,NA,NA,0,0,0,1,1,0,0,0
CERC545,Yasawa,1,14,16,0.5,1,50,0,3,12,NA,NA,0,0,0,0,0,0,0,0
CERC546,Yasawa,1,15,15,0.5,1,30,0,0,12,0.4,0.4,1,1,2,0,1,0,0,0
CERC547,Yasawa,1,13,17,0.5,1,20,1,0,12,NA,NA,0,0,0,1,0,0,0,0
CERC548,Yasawa,1,14,16,0.5,1,42,0,7,8,NA,NA,0,0,0,1,0,0,0,0
CERC549,Yasawa,1,11,19,0.5,1,73,0,3,6,NA,NA,0,0,0,1,0,0,0,0
CERC55,Hadza,1,15,15,1,1,26,1,2,0,NA,0.25,0,1,1,0,0,NA,0,1
CERC550,Yasawa,1,13,17,0.5,1,52,0,6,8,NA,NA,0,0,0,0,1,0,0,0
CERC551,Yasawa,1,17,13,0.5,1,20,1,0,6,NA,NA,0,0,0,0,0,1,1,0
CERC552,Yasawa,1,18,12,0.5,1,52,1,4,10,NA,NA,0,0,0,1,1,0,0,0
CERC553,Yasawa,1,15,15,0.5,1,49,0,4,9,NA,NA,0,0,0,0,1,0,0,0
CERC554,Yasawa,1,16,14,0.5,1,31,0,2,11,NA,NA,0,0,0,0,1,0,0,0
CERC555,Yasawa,1,12,18,0.5,1,27,1,0,11,NA,1,0,1,1,0,0,0,0,0
CERC556,Yasawa,1,7,23,0.5,1,40,0,5,10,NA,NA,0,0,0,0,0,0,0,0
CERC557,Yasawa,1,0,30,0.5,1,20,0,0,10,NA,0.6,0,1,1,1,0,0,0,0
CERC558,Yasawa,1,12,18,0.5,1,27,0,2,15,NA,1,0,1,1,1,0,0,0,0
CERC559,Yasawa,1,17,13,0.5,1,46,1,1,11,NA,0.4,0,1,1,1,1,0,0,0
CERC56,Hadza,1,11,19,1,1,34,1,1,0,NA,NA,0,0,0,0,0,NA,1,1
CERC560,Yasawa,1,14,16,0.5,1,68,1,5,8,NA,NA,0,0,0,1,1,0,0,0
CERC561,Yasawa,1,16,14,0.5,1,21,1,0,8,NA,NA,0,0,0,0,1,1,1,0
CERC562,Yasawa,1,13,17,1,1,27,1,NA,11,NA,NA,0,0,0,0,0,0,0,0
CERC563,Yasawa,1,12,18,0.5,1,35,0,5,8,NA,0.8,0,1,1,1,1,0,0,0
CERC564,Yasawa,1,10,20,0.5,1,67,1,1,8,NA,NA,0,0,0,1,1,0,0,0
CERC565,Yasawa,1,12,18,0.5,1,27,0,1,12,NA,NA,0,0,0,1,1,0,0,0
CERC566,Yasawa,1,9,21,0.5,1,52,0,NA,7,NA,NA,0,0,0,0,1,0,0,0
CERC567,Yasawa,1,17,13,0.5,1,36,0,NA,11,NA,0.8,0,1,1,1,1,0,0,0
CERC568,Yasawa,1,0,30,0.5,1,NA,1,NA,NA,NA,NA,0,0,0,1,1,0,0,0
CERC569,Yasawa,1,0,30,0.5,1,51,0,4,10,NA,NA,0,0,0,1,0,0,0,0
CERC57,Hadza,1,11,19,1,1,33,1,5,0,NA,NA,0,0,0,0,1,NA,0,1
CERC570,Yasawa,1,14,16,0.5,1,50,0,NA,5,NA,NA,0,0,0,1,0,0,0,0
CERC571,Yasawa,1,15,15,0.5,1,72,0,2,8,NA,NA,0,0,0,0,1,0,0,0
CERC572,Yasawa,1,12,18,0.5,1,47,0,3,11,NA,NA,0,0,0,0,0,0,0,0
CERC573,Yasawa,1,16,14,0.5,1,24,0,0,13,NA,NA,0,0,0,0,1,0,0,0
CERC574,Yasawa,1,14,16,0.5,1,24,0,0,10,NA,NA,0,0,0,1,1,0,0,0
CERC575,Yasawa,1,0,30,0.5,1,21,0,0,11,NA,NA,0,0,0,0,1,0,0,0
CERC576,Yasawa,1,0,30,0.5,1,19,0,0,11,NA,NA,0,0,0,0,0,0,0,0
CERC577,Yasawa,1,13,17,0.5,1,59,1,4,11,NA,NA,0,0,0,1,1,0,0,0
CERC578,Yasawa,1,11,19,0.5,1,26,1,0,11,0.6,NA,1,0,1,0,1,1,1,0
CERC579,Yasawa,1,0,30,0.5,1,20,0,1,7,NA,NA,0,0,0,0,0,0,0,0
CERC58,Hadza,1,10,20,0.5,1,55,1,4,7,NA,0.4,0,1,1,0,1,NA,1,1
CERC580,Yasawa,1,14,16,0.5,1,39,1,0,11,NA,0.8,0,1,1,1,0,0,0,0
CERC581,Yasawa,1,15,15,0.5,1,43,0,0,11,NA,0.6,0,1,1,0,0,0,0,0
CERC582,Yasawa,1,17,13,0.5,1,47,1,NA,15,NA,NA,0,0,0,0,1,0,0,0
CERC583,Yasawa,1,10,20,0.5,1,39,0,NA,11,NA,NA,0,0,0,1,1,0,0,0
CERC584,Yasawa,1,20,10,0.5,1,75,1,5,3,NA,1,0,1,1,0,0,0,0,0
CERC585,Yasawa,1,11,19,0.5,1,NA,0,NA,NA,NA,NA,0,0,0,1,1,1,1,0
CERC588,Yasawa,1,0,30,0.5,1,20,0,NA,10,NA,1,0,1,1,0,0,0,0,0
CERC589,Yasawa,1,8,22,0.5,1,48,0,2,8,NA,NA,0,0,0,1,0,0,0,0
CERC59,Hadza,1,18,12,0,0,28,1,0,7,NA,0.6,0,1,1,0,1,NA,0,1
CERC591,Yasawa,1,13,17,0.5,1,43,0,NA,14,NA,0.333333333,0,1,1,1,1,1,1,0
CERC6,Coastal Tanna,1,11,19,1,1,29,0,2,7,NA,NA,0,0,0,0,0,0,0,0
CERC60,Hadza,1,17,13,1,1,47,0,5,0,NA,NA,0,0,0,0,1,NA,0,1
CERC61,Hadza,1,12,18,NA,NA,38,0,3,0,NA,0.25,0,1,1,0,0,NA,0,1
CERC62,Hadza,1,16,14,1,0,30,0,7,0,NA,NA,0,0,0,0,1,NA,0,1
CERC63,Hadza,1,11,19,NA,1,26,0,6,0,NA,NA,0,0,0,0,0,NA,0,1
CERC64,Hadza,1,16,14,NA,NA,22,0,2,0,NA,NA,0,0,0,0,0,NA,0,1
CERC65,Hadza,1,17,13,NA,1,49,0,5,0,NA,NA,0,0,0,0,1,NA,0,1
CERC66,Hadza,1,14,16,NA,NA,67,0,5,0,NA,NA,0,0,0,0,0,NA,0,1
CERC67,Hadza,1,6,24,0,0,42,1,8,6,NA,NA,0,0,0,0,1,NA,0,1
CERC68,Hadza,1,0,30,1,1,54,1,6,6,NA,NA,0,0,0,0,1,NA,0,1
CERC69,Hadza,1,9,21,NA,NA,42,1,4,0,NA,NA,0,0,0,0,0,NA,0,1
CERC7,Coastal Tanna,1,12,18,1,1,29,0,2,12,NA,NA,0,0,0,0,1,0,0,0
CERC70,Hadza,1,14,16,0,1,40,1,7,0,0.25,NA,1,0,1,0,1,NA,0,1
CERC71,Hadza,1,2,28,NA,1,53,0,7,0,NA,NA,0,0,0,0,1,NA,0,1
CERC72,Hadza,1,13,17,1,1,40,1,1,0,0.4,NA,1,0,1,0,1,NA,0,1
CERC73,Hadza,1,11,19,NA,NA,29,1,3,0,NA,NA,0,0,0,0,0,NA,0,1
CERC74,Hadza,1,12,18,1,1,21,0,2,0,NA,NA,0,0,0,0,0,NA,0,1
CERC75,Hadza,1,12,18,NA,NA,43,0,2,0,NA,NA,0,0,0,0,0,NA,0,1
CERC76,Hadza,1,12,18,NA,NA,71,0,4,0,NA,NA,0,0,0,0,NA,NA,0,1
CERC77,Hadza,1,5,25,1,0,55,0,1,0,NA,NA,0,0,0,0,1,NA,1,1
CERC78,Hadza,1,14,16,0,1,54,1,5,0,NA,NA,0,0,0,0,0,NA,0,1
CERC79,Hadza,1,17,13,NA,NA,45,0,5,0,NA,0.333333333,0,1,1,0,0,NA,1,1
CERC8,Coastal Tanna,1,18,12,1,1,39,0,3,10,0.75,0.666666667,1,1,2,0,1,0,0,0
CERC80,Hadza,1,15,15,1,1,40,0,1,0,NA,NA,0,0,0,0,0,NA,0,1
CERC81,Hadza,1,8,22,0,1,63,1,10,0,NA,NA,0,0,0,0,0,NA,0,1
CERC82,Hadza,1,13,17,NA,NA,31,0,1,0,NA,NA,0,0,0,0,1,NA,0,1
CERC83,Hadza,1,11,19,1,0,31,1,3,7,1,NA,1,0,1,0,1,NA,0,1
CERC84,Hadza,1,9,21,NA,NA,45,1,4,0,NA,NA,0,0,0,0,1,NA,0,1
CERC85,Hadza,1,13,17,1,NA,47,1,5,0,0.666666667,NA,1,0,1,0,1,NA,1,1
CERC86,Hadza,1,11,19,0,1,25,1,1,0,NA,NA,0,0,0,0,1,NA,0,1
CERC87,Hadza,1,13,17,0.5,0.5,38,1,8,0,NA,NA,0,0,0,0,0,NA,0,1
CERC88,Hadza,1,14,16,NA,NA,50,0,8,0,0.666666667,NA,1,0,1,0,1,NA,0,1
CERC89,Hadza,1,14,16,1,1,35,1,2,0,NA,NA,0,0,0,0,1,NA,0,1
CERC9,Coastal Tanna,1,16,14,1,1,57,0,5,6,NA,NA,0,0,0,0,0,0,0,0
CERC90,Hadza,1,16,14,NA,NA,58,1,9,3,NA,NA,0,0,0,0,0,NA,0,1
CERC91,Hadza,1,11,19,0,NA,24,0,3,0,NA,NA,0,0,0,0,1,NA,0,1
CERC92,Hadza,1,4,26,NA,NA,32,0,5,0,NA,NA,0,0,0,0,1,NA,1,1
CERC93,Hadza,1,5,25,1,NA,46,0,2,1,NA,NA,0,0,0,0,1,NA,0,1
CERC94,Hadza,1,10,20,NA,NA,40,1,7,7,NA,NA,0,0,0,0,0,NA,0,1
CERC95,Hadza,1,12,18,1,1,43,1,4,0,NA,0.8,0,1,1,0,1,NA,0,1
CERC96,Hadza,1,15,15,0.5,1,27,0,2,3,NA,NA,0,0,0,0,1,NA,0,1
CERC97,Hadza,1,16,14,0,0.5,53,1,2,0,NA,NA,0,0,0,0,0,NA,0,1
CERC98,Hadza,1,28,2,NA,NA,37,1,2,0,NA,NA,0,0,0,0,0,NA,0,1
CERC99,Hadza,1,12,18,1,1,45,1,9,7,NA,NA,0,0,0,0,0,NA,0,1
UCRC592,Mauritius,1,16,14,1,1,70,0,5,4,NA,NA,0,0,0,0,0,0,0,0
